id,label,type
bin1,bin1,DNA
bin2,bin2,DNA
bin3,bin3,DNA
bin4,bin4,DNA
bin5,bin5,DNA
bin6,bin6,DNA
bin7,bin7,DNA
bin8,bin8,DNA
bin9,bin9,DNA
bin10,bin10,DNA
bin11,bin11,DNA
bin12,bin12,DNA
bin13,bin13,DNA
bin14,bin14,DNA
bin15,bin15,DNA
bin16,bin16,DNA
bin17,bin17,DNA
bin18,bin18,DNA
bin19,bin19,DNA
bin20,bin20,DNA
bin21,bin21,DNA
bin22,bin22,DNA
bin23,bin23,DNA
bin24,bin24,DNA
bin25,bin25,DNA
bin26,bin26,DNA
bin27,bin27,DNA
bin28,bin28,DNA
bin29,bin29,DNA
bin30,bin30,DNA
bin31,bin31,DNA
bin32,bin32,DNA
bin33,bin33,DNA
bin34,bin34,DNA
bin35,bin35,DNA
bin36,bin36,DNA
bin37,bin37,DNA
bin38,bin38,DNA
bin39,bin39,DNA
bin40,bin40,DNA
bin41,bin41,DNA
bin42,bin42,DNA
bin43,bin43,DNA
bin44,bin44,DNA
bin45,bin45,DNA
bin46,bin46,DNA
bin47,bin47,DNA
bin48,bin48,DNA
bin49,bin49,DNA
bin50,bin50,DNA
bin51,bin51,DNA
bin52,bin52,DNA
bin53,bin53,DNA
bin54,bin54,DNA
bin55,bin55,DNA
bin56,bin56,DNA
bin57,bin57,DNA
bin58,bin58,DNA
bin59,bin59,DNA
bin60,bin60,DNA
bin61,bin61,DNA
bin62,bin62,DNA
bin63,bin63,DNA
bin64,bin64,DNA
bin65,bin65,DNA
bin66,bin66,DNA
bin67,bin67,DNA
bin68,bin68,DNA
bin69,bin69,DNA
bin70,bin70,DNA
bin71,bin71,DNA
bin72,bin72,DNA
bin73,bin73,DNA
bin74,bin74,DNA
bin75,bin75,DNA
bin76,bin76,DNA
bin77,bin77,DNA
bin78,bin78,DNA
bin79,bin79,DNA
bin80,bin80,DNA
bin81,bin81,DNA
bin82,bin82,DNA
bin83,bin83,DNA
bin84,bin84,DNA
bin85,bin85,DNA
bin86,bin86,DNA
bin87,bin87,DNA
bin88,bin88,DNA
bin89,bin89,DNA
bin90,bin90,DNA
bin91,bin91,DNA
bin92,bin92,DNA
bin93,bin93,DNA
bin94,bin94,DNA
bin95,bin95,DNA
bin96,bin96,DNA
bin97,bin97,DNA
bin98,bin98,DNA
bin99,bin99,DNA
bin100,bin100,DNA
bin101,bin101,DNA
bin102,bin102,DNA
bin103,bin103,DNA
bin104,bin104,DNA
bin105,bin105,DNA
bin106,bin106,DNA
bin107,bin107,DNA
bin108,bin108,DNA
bin109,bin109,DNA
bin110,bin110,DNA
bin111,bin111,DNA
bin112,bin112,DNA
bin113,bin113,DNA
bin114,bin114,DNA
bin115,bin115,DNA
bin116,bin116,DNA
bin117,bin117,DNA
bin118,bin118,DNA
bin119,bin119,DNA
bin120,bin120,DNA
bin121,bin121,DNA
bin122,bin122,DNA
bin123,bin123,DNA
bin124,bin124,DNA
bin125,bin125,DNA
bin126,bin126,DNA
bin127,bin127,DNA
bin128,bin128,DNA
bin129,bin129,DNA
bin130,bin130,DNA
bin131,bin131,DNA
bin132,bin132,DNA
bin133,bin133,DNA
bin134,bin134,DNA
bin135,bin135,DNA
bin136,bin136,DNA
bin137,bin137,DNA
bin138,bin138,DNA
bin139,bin139,DNA
bin140,bin140,DNA
bin141,bin141,DNA
bin142,bin142,DNA
bin143,bin143,DNA
bin144,bin144,DNA
bin145,bin145,DNA
bin146,bin146,DNA
bin147,bin147,DNA
bin148,bin148,DNA
bin149,bin149,DNA
bin150,bin150,DNA
bin151,bin151,DNA
bin152,bin152,DNA
bin153,bin153,DNA
bin154,bin154,DNA
bin155,bin155,DNA
bin156,bin156,DNA
bin157,bin157,DNA
bin158,bin158,DNA
bin159,bin159,DNA
bin160,bin160,DNA
bin161,bin161,DNA
bin162,bin162,DNA
bin163,bin163,DNA
bin164,bin164,DNA
bin165,bin165,DNA
bin166,bin166,DNA
bin167,bin167,DNA
bin168,bin168,DNA
bin169,bin169,DNA
bin170,bin170,DNA
bin171,bin171,DNA
bin172,bin172,DNA
bin173,bin173,DNA
bin174,bin174,DNA
bin175,bin175,DNA
bin176,bin176,DNA
bin177,bin177,DNA
bin178,bin178,DNA
bin179,bin179,DNA
bin180,bin180,DNA
bin181,bin181,DNA
bin182,bin182,DNA
bin183,bin183,DNA
bin184,bin184,DNA
bin185,bin185,DNA
bin186,bin186,DNA
bin187,bin187,DNA
bin188,bin188,DNA
bin189,bin189,DNA
bin190,bin190,DNA
bin191,bin191,DNA
bin192,bin192,DNA
bin193,bin193,DNA
bin194,bin194,DNA
bin195,bin195,DNA
bin196,bin196,DNA
bin197,bin197,DNA
bin198,bin198,DNA
bin199,bin199,DNA
bin200,bin200,DNA
bin201,bin201,DNA
bin202,bin202,DNA
bin203,bin203,DNA
bin204,bin204,DNA
bin205,bin205,DNA
bin206,bin206,DNA
bin207,bin207,DNA
bin208,bin208,DNA
bin209,bin209,DNA
bin210,bin210,DNA
bin211,bin211,DNA
bin212,bin212,DNA
bin213,bin213,DNA
bin214,bin214,DNA
bin215,bin215,DNA
bin216,bin216,DNA
bin217,bin217,DNA
bin218,bin218,DNA
bin219,bin219,DNA
bin220,bin220,DNA
bin221,bin221,DNA
bin222,bin222,DNA
bin223,bin223,DNA
bin224,bin224,DNA
bin225,bin225,DNA
bin226,bin226,DNA
bin227,bin227,DNA
bin228,bin228,DNA
bin229,bin229,DNA
bin230,bin230,DNA
bin231,bin231,DNA
bin232,bin232,DNA
bin233,bin233,DNA
bin234,bin234,DNA
bin235,bin235,DNA
bin236,bin236,DNA
bin237,bin237,DNA
bin238,bin238,DNA
bin239,bin239,DNA
bin240,bin240,DNA
bin241,bin241,DNA
bin242,bin242,DNA
bin243,bin243,DNA
bin244,bin244,DNA
bin245,bin245,DNA
bin246,bin246,DNA
bin247,bin247,DNA
bin248,bin248,DNA
bin249,bin249,DNA
bin250,bin250,DNA
bin251,bin251,DNA
bin252,bin252,DNA
bin253,bin253,DNA
bin254,bin254,DNA
bin255,bin255,DNA
bin256,bin256,DNA
bin257,bin257,DNA
bin258,bin258,DNA
bin259,bin259,DNA
bin260,bin260,DNA
bin261,bin261,DNA
bin262,bin262,DNA
bin263,bin263,DNA
bin264,bin264,DNA
bin265,bin265,DNA
bin266,bin266,DNA
bin267,bin267,DNA
bin268,bin268,DNA
bin269,bin269,DNA
bin270,bin270,DNA
bin271,bin271,DNA
bin272,bin272,DNA
bin273,bin273,DNA
bin274,bin274,DNA
bin275,bin275,DNA
bin276,bin276,DNA
bin277,bin277,DNA
bin278,bin278,DNA
bin279,bin279,DNA
bin280,bin280,DNA
bin281,bin281,DNA
bin282,bin282,DNA
bin283,bin283,DNA
bin284,bin284,DNA
bin285,bin285,DNA
bin286,bin286,DNA
bin287,bin287,DNA
bin288,bin288,DNA
bin289,bin289,DNA
bin290,bin290,DNA
bin291,bin291,DNA
bin292,bin292,DNA
bin293,bin293,DNA
bin294,bin294,DNA
bin295,bin295,DNA
bin296,bin296,DNA
bin297,bin297,DNA
bin298,bin298,DNA
bin299,bin299,DNA
bin300,bin300,DNA
bin301,bin301,DNA
bin302,bin302,DNA
bin303,bin303,DNA
bin304,bin304,DNA
bin305,bin305,DNA
bin306,bin306,DNA
bin307,bin307,DNA
bin308,bin308,DNA
bin309,bin309,DNA
bin310,bin310,DNA
bin311,bin311,DNA
bin312,bin312,DNA
bin313,bin313,DNA
bin314,bin314,DNA
bin315,bin315,DNA
bin316,bin316,DNA
bin317,bin317,DNA
bin318,bin318,DNA
bin319,bin319,DNA
bin320,bin320,DNA
bin321,bin321,DNA
bin322,bin322,DNA
bin323,bin323,DNA
bin324,bin324,DNA
bin325,bin325,DNA
bin326,bin326,DNA
bin327,bin327,DNA
bin328,bin328,DNA
bin329,bin329,DNA
bin330,bin330,DNA
bin331,bin331,DNA
bin332,bin332,DNA
bin333,bin333,DNA
bin334,bin334,DNA
bin335,bin335,DNA
bin336,bin336,DNA
bin337,bin337,DNA
bin338,bin338,DNA
bin339,bin339,DNA
bin340,bin340,DNA
bin341,bin341,DNA
bin342,bin342,DNA
bin343,bin343,DNA
bin344,bin344,DNA
bin345,bin345,DNA
bin346,bin346,DNA
bin347,bin347,DNA
bin348,bin348,DNA
bin349,bin349,DNA
bin350,bin350,DNA
bin351,bin351,DNA
bin352,bin352,DNA
bin353,bin353,DNA
bin354,bin354,DNA
bin355,bin355,DNA
bin356,bin356,DNA
bin357,bin357,DNA
bin358,bin358,DNA
bin359,bin359,DNA
bin360,bin360,DNA
bin361,bin361,DNA
bin362,bin362,DNA
bin363,bin363,DNA
bin364,bin364,DNA
bin365,bin365,DNA
bin366,bin366,DNA
bin367,bin367,DNA
bin368,bin368,DNA
bin369,bin369,DNA
bin370,bin370,DNA
bin371,bin371,DNA
bin372,bin372,DNA
bin373,bin373,DNA
bin374,bin374,DNA
bin375,bin375,DNA
bin376,bin376,DNA
bin377,bin377,DNA
bin378,bin378,DNA
bin379,bin379,DNA
bin380,bin380,DNA
bin381,bin381,DNA
bin382,bin382,DNA
bin383,bin383,DNA
bin384,bin384,DNA
bin385,bin385,DNA
bin386,bin386,DNA
bin387,bin387,DNA
bin388,bin388,DNA
bin389,bin389,DNA
bin390,bin390,DNA
bin391,bin391,DNA
bin392,bin392,DNA
bin393,bin393,DNA
bin394,bin394,DNA
bin395,bin395,DNA
bin396,bin396,DNA
bin397,bin397,DNA
bin398,bin398,DNA
bin399,bin399,DNA
bin400,bin400,DNA
bin401,bin401,DNA
bin402,bin402,DNA
bin403,bin403,DNA
bin404,bin404,DNA
bin405,bin405,DNA
bin406,bin406,DNA
bin407,bin407,DNA
bin408,bin408,DNA
bin409,bin409,DNA
bin410,bin410,DNA
bin411,bin411,DNA
bin412,bin412,DNA
bin413,bin413,DNA
bin414,bin414,DNA
bin415,bin415,DNA
bin416,bin416,DNA
bin417,bin417,DNA
bin418,bin418,DNA
bin419,bin419,DNA
bin420,bin420,DNA
bin421,bin421,DNA
bin422,bin422,DNA
bin423,bin423,DNA
bin424,bin424,DNA
bin425,bin425,DNA
bin426,bin426,DNA
bin427,bin427,DNA
bin428,bin428,DNA
bin429,bin429,DNA
bin430,bin430,DNA
bin431,bin431,DNA
bin432,bin432,DNA
bin433,bin433,DNA
bin434,bin434,DNA
bin435,bin435,DNA
bin436,bin436,DNA
bin437,bin437,DNA
bin438,bin438,DNA
bin439,bin439,DNA
bin440,bin440,DNA
bin441,bin441,DNA
bin442,bin442,DNA
bin443,bin443,DNA
bin444,bin444,DNA
bin445,bin445,DNA
bin446,bin446,DNA
bin447,bin447,DNA
bin448,bin448,DNA
bin449,bin449,DNA
bin450,bin450,DNA
bin451,bin451,DNA
bin452,bin452,DNA
bin453,bin453,DNA
bin454,bin454,DNA
bin455,bin455,DNA
bin456,bin456,DNA
bin457,bin457,DNA
bin458,bin458,DNA
bin459,bin459,DNA
bin460,bin460,DNA
bin461,bin461,DNA
bin462,bin462,DNA
bin463,bin463,DNA
bin464,bin464,DNA
bin465,bin465,DNA
bin466,bin466,DNA
bin467,bin467,DNA
bin468,bin468,DNA
bin469,bin469,DNA
bin470,bin470,DNA
bin471,bin471,DNA
bin472,bin472,DNA
bin473,bin473,DNA
bin474,bin474,DNA
bin475,bin475,DNA
bin476,bin476,DNA
bin477,bin477,DNA
bin478,bin478,DNA
bin479,bin479,DNA
bin480,bin480,DNA
bin481,bin481,DNA
bin482,bin482,DNA
bin483,bin483,DNA
bin484,bin484,DNA
bin485,bin485,DNA
bin486,bin486,DNA
bin487,bin487,DNA
bin488,bin488,DNA
bin489,bin489,DNA
bin490,bin490,DNA
bin491,bin491,DNA
bin492,bin492,DNA
bin493,bin493,DNA
bin494,bin494,DNA
bin495,bin495,DNA
bin496,bin496,DNA
bin497,bin497,DNA
bin498,bin498,DNA
bin499,bin499,DNA
bin500,bin500,DNA
bin501,bin501,DNA
bin502,bin502,DNA
bin503,bin503,DNA
bin504,bin504,DNA
bin505,bin505,DNA
bin506,bin506,DNA
bin507,bin507,DNA
bin508,bin508,DNA
bin509,bin509,DNA
bin510,bin510,DNA
bin511,bin511,DNA
bin512,bin512,DNA
bin513,bin513,DNA
bin514,bin514,DNA
bin515,bin515,DNA
bin516,bin516,DNA
bin517,bin517,DNA
bin518,bin518,DNA
bin519,bin519,DNA
bin520,bin520,DNA
bin521,bin521,DNA
bin522,bin522,DNA
bin523,bin523,DNA
bin524,bin524,DNA
bin525,bin525,DNA
bin526,bin526,DNA
bin527,bin527,DNA
bin528,bin528,DNA
bin529,bin529,DNA
bin530,bin530,DNA
bin531,bin531,DNA
bin532,bin532,DNA
bin533,bin533,DNA
bin534,bin534,DNA
bin535,bin535,DNA
bin536,bin536,DNA
bin537,bin537,DNA
bin538,bin538,DNA
bin539,bin539,DNA
bin540,bin540,DNA
bin541,bin541,DNA
bin542,bin542,DNA
bin543,bin543,DNA
bin544,bin544,DNA
bin545,bin545,DNA
bin546,bin546,DNA
bin547,bin547,DNA
bin548,bin548,DNA
bin549,bin549,DNA
bin550,bin550,DNA
bin551,bin551,DNA
bin552,bin552,DNA
bin553,bin553,DNA
bin554,bin554,DNA
bin555,bin555,DNA
bin556,bin556,DNA
bin557,bin557,DNA
bin558,bin558,DNA
bin559,bin559,DNA
bin560,bin560,DNA
bin561,bin561,DNA
bin562,bin562,DNA
bin563,bin563,DNA
bin564,bin564,DNA
bin565,bin565,DNA
bin566,bin566,DNA
bin567,bin567,DNA
bin568,bin568,DNA
bin569,bin569,DNA
bin570,bin570,DNA
bin571,bin571,DNA
bin572,bin572,DNA
bin573,bin573,DNA
bin574,bin574,DNA
bin575,bin575,DNA
bin576,bin576,DNA
bin577,bin577,DNA
bin578,bin578,DNA
bin579,bin579,DNA
bin580,bin580,DNA
bin581,bin581,DNA
bin582,bin582,DNA
bin583,bin583,DNA
bin584,bin584,DNA
bin585,bin585,DNA
bin586,bin586,DNA
bin587,bin587,DNA
bin588,bin588,DNA
bin589,bin589,DNA
bin590,bin590,DNA
bin591,bin591,DNA
bin592,bin592,DNA
bin593,bin593,DNA
bin594,bin594,DNA
bin595,bin595,DNA
bin596,bin596,DNA
bin597,bin597,DNA
bin598,bin598,DNA
bin599,bin599,DNA
bin600,bin600,DNA
bin601,bin601,DNA
bin602,bin602,DNA
bin603,bin603,DNA
bin604,bin604,DNA
bin605,bin605,DNA
bin606,bin606,DNA
bin607,bin607,DNA
bin608,bin608,DNA
bin609,bin609,DNA
bin610,bin610,DNA
bin611,bin611,DNA
bin612,bin612,DNA
bin613,bin613,DNA
bin614,bin614,DNA
bin615,bin615,DNA
bin616,bin616,DNA
bin617,bin617,DNA
bin618,bin618,DNA
bin619,bin619,DNA
bin620,bin620,DNA
bin621,bin621,DNA
bin622,bin622,DNA
bin623,bin623,DNA
bin624,bin624,DNA
bin625,bin625,DNA
bin626,bin626,DNA
bin627,bin627,DNA
bin628,bin628,DNA
bin629,bin629,DNA
bin630,bin630,DNA
bin631,bin631,DNA
bin632,bin632,DNA
bin633,bin633,DNA
bin634,bin634,DNA
bin635,bin635,DNA
bin636,bin636,DNA
bin637,bin637,DNA
bin638,bin638,DNA
bin639,bin639,DNA
bin640,bin640,DNA
bin641,bin641,DNA
bin642,bin642,DNA
bin643,bin643,DNA
bin644,bin644,DNA
bin645,bin645,DNA
bin646,bin646,DNA
bin647,bin647,DNA
bin648,bin648,DNA
bin649,bin649,DNA
bin650,bin650,DNA
bin651,bin651,DNA
bin652,bin652,DNA
bin653,bin653,DNA
bin654,bin654,DNA
bin655,bin655,DNA
bin656,bin656,DNA
bin657,bin657,DNA
bin658,bin658,DNA
bin659,bin659,DNA
bin660,bin660,DNA
bin661,bin661,DNA
bin662,bin662,DNA
bin663,bin663,DNA
bin664,bin664,DNA
bin665,bin665,DNA
bin666,bin666,DNA
bin667,bin667,DNA
bin668,bin668,DNA
bin669,bin669,DNA
bin670,bin670,DNA
bin671,bin671,DNA
bin672,bin672,DNA
bin673,bin673,DNA
bin674,bin674,DNA
bin675,bin675,DNA
bin676,bin676,DNA
bin677,bin677,DNA
bin678,bin678,DNA
bin679,bin679,DNA
bin680,bin680,DNA
bin681,bin681,DNA
bin682,bin682,DNA
bin683,bin683,DNA
bin684,bin684,DNA
bin685,bin685,DNA
bin686,bin686,DNA
bin687,bin687,DNA
bin688,bin688,DNA
bin689,bin689,DNA
bin690,bin690,DNA
bin691,bin691,DNA
bin692,bin692,DNA
bin693,bin693,DNA
bin694,bin694,DNA
bin695,bin695,DNA
bin696,bin696,DNA
bin697,bin697,DNA
bin698,bin698,DNA
bin699,bin699,DNA
bin700,bin700,DNA
bin701,bin701,DNA
bin702,bin702,DNA
bin703,bin703,DNA
bin704,bin704,DNA
bin705,bin705,DNA
bin706,bin706,DNA
bin707,bin707,DNA
bin708,bin708,DNA
bin709,bin709,DNA
bin710,bin710,DNA
bin711,bin711,DNA
bin712,bin712,DNA
bin713,bin713,DNA
bin714,bin714,DNA
bin715,bin715,DNA
bin716,bin716,DNA
bin717,bin717,DNA
bin718,bin718,DNA
bin719,bin719,DNA
bin720,bin720,DNA
bin721,bin721,DNA
bin722,bin722,DNA
bin723,bin723,DNA
bin724,bin724,DNA
bin725,bin725,DNA
bin726,bin726,DNA
bin727,bin727,DNA
bin728,bin728,DNA
bin729,bin729,DNA
bin730,bin730,DNA
bin731,bin731,DNA
bin732,bin732,DNA
bin733,bin733,DNA
bin734,bin734,DNA
bin735,bin735,DNA
bin736,bin736,DNA
bin737,bin737,DNA
bin738,bin738,DNA
bin739,bin739,DNA
bin740,bin740,DNA
bin741,bin741,DNA
bin742,bin742,DNA
bin743,bin743,DNA
bin744,bin744,DNA
bin745,bin745,DNA
bin746,bin746,DNA
bin747,bin747,DNA
bin748,bin748,DNA
bin749,bin749,DNA
bin750,bin750,DNA
bin751,bin751,DNA
bin752,bin752,DNA
bin753,bin753,DNA
bin754,bin754,DNA
bin755,bin755,DNA
bin756,bin756,DNA
bin757,bin757,DNA
bin758,bin758,DNA
bin759,bin759,DNA
bin760,bin760,DNA
bin761,bin761,DNA
bin762,bin762,DNA
bin763,bin763,DNA
bin764,bin764,DNA
bin765,bin765,DNA
bin766,bin766,DNA
bin767,bin767,DNA
bin768,bin768,DNA
bin769,bin769,DNA
bin770,bin770,DNA
bin771,bin771,DNA
bin772,bin772,DNA
bin773,bin773,DNA
bin774,bin774,DNA
bin775,bin775,DNA
bin776,bin776,DNA
bin777,bin777,DNA
bin778,bin778,DNA
bin779,bin779,DNA
bin780,bin780,DNA
bin781,bin781,DNA
bin782,bin782,DNA
bin783,bin783,DNA
bin784,bin784,DNA
bin785,bin785,DNA
bin786,bin786,DNA
bin787,bin787,DNA
bin788,bin788,DNA
bin789,bin789,DNA
bin790,bin790,DNA
bin791,bin791,DNA
bin792,bin792,DNA
bin793,bin793,DNA
bin794,bin794,DNA
bin795,bin795,DNA
bin796,bin796,DNA
bin797,bin797,DNA
bin798,bin798,DNA
bin799,bin799,DNA
bin800,bin800,DNA
bin801,bin801,DNA
bin802,bin802,DNA
bin803,bin803,DNA
bin804,bin804,DNA
bin805,bin805,DNA
bin806,bin806,DNA
bin807,bin807,DNA
bin808,bin808,DNA
bin809,bin809,DNA
bin810,bin810,DNA
bin811,bin811,DNA
bin812,bin812,DNA
bin813,bin813,DNA
bin814,bin814,DNA
bin815,bin815,DNA
bin816,bin816,DNA
bin817,bin817,DNA
bin818,bin818,DNA
bin819,bin819,DNA
bin820,bin820,DNA
bin821,bin821,DNA
bin822,bin822,DNA
bin823,bin823,DNA
bin824,bin824,DNA
bin825,bin825,DNA
bin826,bin826,DNA
bin827,bin827,DNA
bin828,bin828,DNA
bin829,bin829,DNA
bin830,bin830,DNA
bin831,bin831,DNA
bin832,bin832,DNA
bin833,bin833,DNA
bin834,bin834,DNA
bin835,bin835,DNA
bin836,bin836,DNA
bin837,bin837,DNA
bin838,bin838,DNA
bin839,bin839,DNA
bin840,bin840,DNA
bin841,bin841,DNA
bin842,bin842,DNA
bin843,bin843,DNA
bin844,bin844,DNA
bin845,bin845,DNA
bin846,bin846,DNA
bin847,bin847,DNA
bin848,bin848,DNA
bin849,bin849,DNA
bin850,bin850,DNA
bin851,bin851,DNA
bin852,bin852,DNA
bin853,bin853,DNA
bin854,bin854,DNA
bin855,bin855,DNA
bin856,bin856,DNA
bin857,bin857,DNA
bin858,bin858,DNA
bin859,bin859,DNA
bin860,bin860,DNA
bin861,bin861,DNA
bin862,bin862,DNA
bin863,bin863,DNA
bin864,bin864,DNA
bin865,bin865,DNA
bin866,bin866,DNA
bin867,bin867,DNA
bin868,bin868,DNA
bin869,bin869,DNA
bin870,bin870,DNA
bin871,bin871,DNA
bin872,bin872,DNA
bin873,bin873,DNA
bin874,bin874,DNA
bin875,bin875,DNA
bin876,bin876,DNA
bin877,bin877,DNA
bin878,bin878,DNA
bin879,bin879,DNA
bin880,bin880,DNA
bin881,bin881,DNA
bin882,bin882,DNA
bin883,bin883,DNA
Protein,Protein,Protein
dnaA,dnaA,Protein
dnaN,dnaN,Protein
recF,recF,Protein
Rv0004,Rv0004,Protein
gyrB,gyrB,Protein
Rv0007,Rv0007,Protein
Rv0010c,Rv0010c,Protein
Rv0011c,Rv0011c,Protein
trpG,trpG,Protein
pknB,pknB,Protein
pknA,pknA,Protein
ppp,ppp,Protein
TB39.8,TB39.8,Protein
whiB5,whiB5,Protein
Rv0024,Rv0024,Protein
Rv0025,Rv0025,Protein
Rv0026,Rv0026,Protein
Rv0027,Rv0027,Protein
Rv0028,Rv0028,Protein
Rv0029,Rv0029,Protein
Rv0031,Rv0031,Protein
bioF2,bioF2,Protein
acpA,acpA,Protein
fadD34,fadD34,Protein
Rv0036c,Rv0036c,Protein
Rv0038,Rv0038,Protein
Rv0039c,Rv0039c,Protein
leuS,leuS,Protein
Rv0042c,Rv0042c,Protein
Rv0044c,Rv0044c,Protein
Rv0045c,Rv0045c,Protein
Rv0047c,Rv0047c,Protein
Rv0048c,Rv0048c,Protein
Rv0049,Rv0049,Protein
rpsF,rpsF,Protein
ssb,ssb,Protein
rpsR,rpsR,Protein
rplI,rplI,Protein
Rv0057,Rv0057,Protein
dnaB,dnaB,Protein
Rv0060,Rv0060,Protein
Rv0061,Rv0061,Protein
Rv0065,Rv0065,Protein
Rv0067c,Rv0067c,Protein
Rv0068,Rv0068,Protein
Rv0071,Rv0071,Protein
Rv0073,Rv0073,Protein
Rv0074,Rv0074,Protein
Rv0075,Rv0075,Protein
Rv0076c,Rv0076c,Protein
Rv0077c,Rv0077c,Protein
Rv0078A,Rv0078A,Protein
Rv0079,Rv0079,Protein
Rv0081,Rv0081,Protein
Rv0082,Rv0082,Protein
hycP,hycP,Protein
hycE,hycE,Protein
Rv0088,Rv0088,Protein
Rv0089,Rv0089,Protein
Rv0090,Rv0090,Protein
Rv0093c,Rv0093c,Protein
Rv0095c,Rv0095c,Protein
PPE1,PPE1,Protein
Rv0097,Rv0097,Protein
Rv0098,Rv0098,Protein
Rv0100,Rv0100,Protein
nrp,nrp,Protein
Rv0102,Rv0102,Protein
ctpB,ctpB,Protein
rpmB1,rpmB1,Protein
Rv0106,Rv0106,Protein
Rv0108c,Rv0108c,Protein
PE_PGRS1,PE_PGRS1,Protein
Rv0110,Rv0110,Protein
gca,gca,Protein
gmhA,gmhA,Protein
gmhB,gmhB,Protein
hddA,hddA,Protein
Rv0116c,Rv0116c,Protein
oxyS,oxyS,Protein
Rv0121c,Rv0121c,Protein
Rv0122,Rv0122,Protein
Rv0123,Rv0123,Protein
pepA,pepA,Protein
treS,treS,Protein
Rv0127,Rv0127,Protein
fbpC,fbpC,Protein
fadE1,fadE1,Protein
fgd2,fgd2,Protein
ephF,ephF,Protein
msrA,msrA,Protein
Rv0138,Rv0138,Protein
Rv0139,Rv0139,Protein
Rv0140,Rv0140,Protein
Rv0141c,Rv0141c,Protein
Rv0142,Rv0142,Protein
Rv0144,Rv0144,Protein
Rv0145,Rv0145,Protein
Rv0146,Rv0146,Protein
Rv0147,Rv0147,Protein
Rv0148,Rv0148,Protein
Rv0149,Rv0149,Protein
Rv0150c,Rv0150c,Protein
PE2,PE2,Protein
fadE2,fadE2,Protein
pntB,pntB,Protein
Rv0158,Rv0158,Protein
PE3,PE3,Protein
PE4,PE4,Protein
Rv0161,Rv0161,Protein
TB18.5,TB18.5,Protein
Rv0165c,Rv0165c,Protein
yrbE1B,yrbE1B,Protein
lprK,lprK,Protein
mce1F,mce1F,Protein
Rv0175,Rv0175,Protein
Rv0176,Rv0176,Protein
Rv0177,Rv0177,Protein
Rv0178,Rv0178,Protein
lprO,lprO,Protein
Rv0181c,Rv0181c,Protein
sigG,sigG,Protein
Rv0183,Rv0183,Protein
Rv0185,Rv0185,Protein
bglS,bglS,Protein
Rv0187,Rv0187,Protein
Rv0188,Rv0188,Protein
ilvD,ilvD,Protein
Rv0192A,Rv0192A,Protein
Rv0192,Rv0192,Protein
Rv0197,Rv0197,Protein
Rv0199,Rv0199,Protein
Rv0201c,Rv0201c,Protein
Rv0203,Rv0203,Protein
Rv0204c,Rv0204c,Protein
Rv0205,Rv0205,Protein
Rv0207c,Rv0207c,Protein
trmB,trmB,Protein
Rv0209,Rv0209,Protein
Rv0213c,Rv0213c,Protein
fadD4,fadD4,Protein
Rv0216,Rv0216,Protein
lipW,lipW,Protein
Rv0218,Rv0218,Protein
Rv0219,Rv0219,Protein
lipC,lipC,Protein
Rv0221,Rv0221,Protein
echA1,echA1,Protein
Rv0224c,Rv0224c,Protein
Rv0228,Rv0228,Protein
Rv0229c,Rv0229c,Protein
php,php,Protein
nrdB,nrdB,Protein
gabD1,gabD1,Protein
Rv0239,Rv0239,Protein
Rv0240,Rv0240,Protein
Rv0241c,Rv0241c,Protein
fabG,fabG,Protein
fadA2,fadA2,Protein
Rv0245,Rv0245,Protein
Rv0246,Rv0246,Protein
Rv0247c,Rv0247c,Protein
Rv0249c,Rv0249c,Protein
Rv0250c,Rv0250c,Protein
hsp,hsp,Protein
nirB,nirB,Protein
nirD,nirD,Protein
cobU,cobU,Protein
cobQ1,cobQ1,Protein
PPE2,PPE2,Protein
Rv0257,Rv0257,Protein
Rv0258c,Rv0258c,Protein
Rv0259c,Rv0259c,Protein
narK3,narK3,Protein
aac,aac,Protein
Rv0263c,Rv0263c,Protein
Rv0264c,Rv0264c,Protein
Rv0268c,Rv0268c,Protein
fadE6,fadE6,Protein
Rv0272c,Rv0272c,Protein
Rv0273c,Rv0273c,Protein
Rv0274,Rv0274,Protein
Rv0277c,Rv0277c,Protein
Rv0281,Rv0281,Protein
Rv0282,Rv0282,Protein
PE5,PE5,Protein
esxG,esxG,Protein
esxH,esxH,Protein
Rv0289,Rv0289,Protein
Rv0292,Rv0292,Protein
Rv0293c,Rv0293c,Protein
tam,tam,Protein
Rv0295c,Rv0295c,Protein
Rv0296c,Rv0296c,Protein
Rv0301,Rv0301,Protein
Rv0302,Rv0302,Protein
Rv0303,Rv0303,Protein
PPE5,PPE5,Protein
Rv0307c,Rv0307c,Protein
Rv0308,Rv0308,Protein
Rv0309,Rv0309,Protein
Rv0310c,Rv0310c,Protein
Rv0313,Rv0313,Protein
Rv0315,Rv0315,Protein
Rv0316,Rv0316,Protein
glpQ2,glpQ2,Protein
Rv0318c,Rv0318c,Protein
pcp,pcp,Protein
Rv0320,Rv0320,Protein
dcd,dcd,Protein
udgA,udgA,Protein
Rv0323c,Rv0323c,Protein
Rv0324,Rv0324,Protein
Rv0325,Rv0325,Protein
Rv0326,Rv0326,Protein
cyp135A1,cyp135A1,Protein
Rv0329c,Rv0329c,Protein
Rv0330c,Rv0330c,Protein
Rv0332,Rv0332,Protein
Rv0333,Rv0333,Protein
rmlA,rmlA,Protein
PE6,PE6,Protein
aspC,aspC,Protein
Rv0340,Rv0340,Protein
iniB,iniB,Protein
iniA,iniA,Protein
iniC,iniC,Protein
lpqJ,lpqJ,Protein
Rv0345,Rv0345,Protein
Rv0349,Rv0349,Protein
grpE,grpE,Protein
hspR,hspR,Protein
Rv0356c,Rv0356c,Protein
Rv0358,Rv0358,Protein
Rv0360c,Rv0360c,Protein
Rv0361,Rv0361,Protein
mgtE,mgtE,Protein
Rv0364,Rv0364,Protein
Rv0365c,Rv0365c,Protein
Rv0366c,Rv0366c,Protein
Rv0367c,Rv0367c,Protein
Rv0369c,Rv0369c,Protein
Rv0371c,Rv0371c,Protein
Rv0372c,Rv0372c,Protein
Rv0374c,Rv0374c,Protein
Rv0375c,Rv0375c,Protein
Rv0377,Rv0377,Protein
Rv0378,Rv0378,Protein
secE2,secE2,Protein
Rv0380c,Rv0380c,Protein
Rv0381c,Rv0381c,Protein
pyrE,pyrE,Protein
Rv0383c,Rv0383c,Protein
Rv0385,Rv0385,Protein
Rv0387c,Rv0387c,Protein
PPE9,PPE9,Protein
Rv0390,Rv0390,Protein
metZ,metZ,Protein
Rv0393,Rv0393,Protein
Rv0395,Rv0395,Protein
Rv0396,Rv0396,Protein
Rv0397,Rv0397,Protein
Rv0398c,Rv0398c,Protein
lpqK,lpqK,Protein
fadE7,fadE7,Protein
Rv0401,Rv0401,Protein
mmpL1,mmpL1,Protein
mmpS1,mmpS1,Protein
fadD30,fadD30,Protein
pks6,pks6,Protein
Rv0406c,Rv0406c,Protein
fgd1,fgd1,Protein
ackA,ackA,Protein
pknG,pknG,Protein
glnH,glnH,Protein
mutT3,mutT3,Protein
thiE,thiE,Protein
thiO,thiO,Protein
thiS,thiS,Protein
thiG,thiG,Protein
Rv0420c,Rv0420c,Protein
Rv0421c,Rv0421c,Protein
thiD,thiD,Protein
Rv0424c,Rv0424c,Protein
ctpH,ctpH,Protein
Rv0426c,Rv0426c,Protein
xthA,xthA,Protein
Rv0428c,Rv0428c,Protein
def,def,Protein
Rv0430,Rv0430,Protein
Rv0431,Rv0431,Protein
sodC,sodC,Protein
Rv0433,Rv0433,Protein
Rv0434,Rv0434,Protein
psd,psd,Protein
moeA2,moeA2,Protein
Rv0439c,Rv0439c,Protein
groEL,groEL,Protein
Rv0441c,Rv0441c,Protein
PPE10,PPE10,Protein
Rv0443,Rv0443,Protein
Rv0444c,Rv0444c,Protein
sigK,sigK,Protein
ufaA1,ufaA1,Protein
Rv0448c,Rv0448c,Protein
mmpS4,mmpS4,Protein
PPE11,PPE11,Protein
Rv0454,Rv0454,Protein
Rv0455c,Rv0455c,Protein
echA2,echA2,Protein
Rv0459,Rv0459,Protein
Rv0460,Rv0460,Protein
Rv0461,Rv0461,Protein
Rv0463,Rv0463,Protein
Rv0464c,Rv0464c,Protein
Rv0465c,Rv0465c,Protein
Rv0466,Rv0466,Protein
fadB2,fadB2,Protein
umaA,umaA,Protein
Rv0470A,Rv0470A,Protein
pcaA,pcaA,Protein
Rv0471c,Rv0471c,Protein
Rv0474,Rv0474,Protein
hbhA,hbhA,Protein
Rv0476,Rv0476,Protein
Rv0477,Rv0477,Protein
deoC,deoC,Protein
Rv0479c,Rv0479c,Protein
Rv0480c,Rv0480c,Protein
Rv0481c,Rv0481c,Protein
murB,murB,Protein
lprQ,lprQ,Protein
Rv0484c,Rv0484c,Protein
Rv0485,Rv0485,Protein
Rv0486,Rv0486,Protein
Rv0487,Rv0487,Protein
Rv0488,Rv0488,Protein
gpm1,gpm1,Protein
regX3,regX3,Protein
Rv0492A,Rv0492A,Protein
Rv0492c,Rv0492c,Protein
Rv0493c,Rv0493c,Protein
Rv0494,Rv0494,Protein
Rv0495c,Rv0495c,Protein
Rv0498,Rv0498,Protein
Rv0499,Rv0499,Protein
Rv0500A,Rv0500A,Protein
proC,proC,Protein
cmaA2,cmaA2,Protein
Rv0504c,Rv0504c,Protein
serB1,serB1,Protein
Rv0508,Rv0508,Protein
hemA,hemA,Protein
hemC,hemC,Protein
hemD,hemD,Protein
Rv0514,Rv0514,Protein
Rv0516c,Rv0516c,Protein
Rv0518,Rv0518,Protein
Rv0519c,Rv0519c,Protein
Rv0520,Rv0520,Protein
Rv0521,Rv0521,Protein
Rv0523c,Rv0523c,Protein
Rv0526,Rv0526,Protein
ccdA,ccdA,Protein
Rv0530,Rv0530,Protein
fabH,fabH,Protein
menA,menA,Protein
pnp,pnp,Protein
galE3,galE3,Protein
Rv0537c,Rv0537c,Protein
Rv0538,Rv0538,Protein
Rv0539,Rv0539,Protein
Rv0540,Rv0540,Protein
menE,menE,Protein
Rv0543c,Rv0543c,Protein
Rv0544c,Rv0544c,Protein
pitA,pitA,Protein
Rv0547c,Rv0547c,Protein
menB,menB,Protein
Rv0549c,Rv0549c,Protein
fadD8,fadD8,Protein
menC,menC,Protein
bpoC,bpoC,Protein
menD,menD,Protein
Rv0556,Rv0556,Protein
menH,menH,Protein
Rv0559c,Rv0559c,Protein
Rv0561c,Rv0561c,Protein
grcC1,grcC1,Protein
htpX,htpX,Protein
gpsA,gpsA,Protein
Rv0566c,Rv0566c,Protein
cyp135B1,cyp135B1,Protein
Rv0569,Rv0569,Protein
nrdZ,nrdZ,Protein
Rv0572c,Rv0572c,Protein
Rv0573c,Rv0573c,Protein
Rv0576,Rv0576,Protein
TB27.3,TB27.3,Protein
PE_PGRS7,PE_PGRS7,Protein
Rv0579,Rv0579,Protein
Rv0581,Rv0581,Protein
Rv0582,Rv0582,Protein
lpqN,lpqN,Protein
Rv0584,Rv0584,Protein
Rv0586,Rv0586,Protein
yrbE2A,yrbE2A,Protein
yrbE2B,yrbE2B,Protein
Rv0590A,Rv0590A,Protein
mce2C,mce2C,Protein
lprL,lprL,Protein
mce2F,mce2F,Protein
Rv0595c,Rv0595c,Protein
Rv0598c,Rv0598c,Protein
Rv0599c,Rv0599c,Protein
Rv0600c,Rv0600c,Protein
Rv0601c,Rv0601c,Protein
Rv0603,Rv0603,Protein
lpqO,lpqO,Protein
Rv0605,Rv0605,Protein
Rv0606,Rv0606,Protein
Rv0607,Rv0607,Protein
Rv0608,Rv0608,Protein
Rv0609A,Rv0609A,Protein
Rv0609,Rv0609,Protein
Rv0610c,Rv0610c,Protein
Rv0611c,Rv0611c,Protein
Rv0612,Rv0612,Protein
Rv0613c,Rv0613c,Protein
Rv0614,Rv0614,Protein
Rv0615,Rv0615,Protein
Rv0616c,Rv0616c,Protein
Rv0617,Rv0617,Protein
galTa,galTa,Protein
galTb,galTb,Protein
Rv0621,Rv0621,Protein
Rv0622,Rv0622,Protein
Rv0623,Rv0623,Protein
Rv0624,Rv0624,Protein
Rv0625c,Rv0625c,Protein
Rv0626,Rv0626,Protein
Rv0628c,Rv0628c,Protein
recD,recD,Protein
recB,recB,Protein
echA3,echA3,Protein
Rv0634A,Rv0634A,Protein
rpmG2,rpmG2,Protein
Rv0634c,Rv0634c,Protein
Rv0635,Rv0635,Protein
Rv0636,Rv0636,Protein
Rv0637,Rv0637,Protein
secE1,secE1,Protein
nusG,nusG,Protein
rplK,rplK,Protein
rplA,rplA,Protein
mmaA3,mmaA3,Protein
mmaA2,mmaA2,Protein
mmaA1,mmaA1,Protein
lipG,lipG,Protein
fabD2,fabD2,Protein
Rv0650,Rv0650,Protein
rplJ,rplJ,Protein
rplL,rplL,Protein
Rv0653c,Rv0653c,Protein
mkl,mkl,Protein
Rv0656c,Rv0656c,Protein
Rv0657c,Rv0657c,Protein
Rv0658c,Rv0658c,Protein
Rv0659c,Rv0659c,Protein
Rv0660c,Rv0660c,Protein
Rv0661c,Rv0661c,Protein
Rv0662c,Rv0662c,Protein
Rv0664,Rv0664,Protein
Rv0665,Rv0665,Protein
Rv0666,Rv0666,Protein
Rv0669c,Rv0669c,Protein
end,end,Protein
lpqP,lpqP,Protein
fadE8,fadE8,Protein
echA4,echA4,Protein
Rv0674,Rv0674,Protein
echA5,echA5,Protein
mmpS5,mmpS5,Protein
Rv0679c,Rv0679c,Protein
Rv0680c,Rv0680c,Protein
Rv0681,Rv0681,Protein
rpsL,rpsL,Protein
rpsG,rpsG,Protein
tuf,tuf,Protein
Rv0686,Rv0686,Protein
Rv0687,Rv0687,Protein
Rv0689c,Rv0689c,Protein
Rv0691c,Rv0691c,Protein
Rv0692,Rv0692,Protein
lldD1,lldD1,Protein
Rv0695,Rv0695,Protein
Rv0698,Rv0698,Protein
Rv0699,Rv0699,Protein
rpsJ,rpsJ,Protein
rplC,rplC,Protein
rplD,rplD,Protein
rplW,rplW,Protein
rplB,rplB,Protein
rpsS,rpsS,Protein
rplP,rplP,Protein
rpmC,rpmC,Protein
rpsQ,rpsQ,Protein
Rv0712,Rv0712,Protein
rplN,rplN,Protein
rplX,rplX,Protein
rplE,rplE,Protein
rpsN1,rpsN1,Protein
rpsH,rpsH,Protein
rplF,rplF,Protein
rplR,rplR,Protein
rpsE,rpsE,Protein
rpmD,rpmD,Protein
rplO,rplO,Protein
Rv0724A,Rv0724A,Protein
Rv0725c,Rv0725c,Protein
Rv0726c,Rv0726c,Protein
fucA,fucA,Protein
xylB,xylB,Protein
Rv0730,Rv0730,Protein
Rv0731c,Rv0731c,Protein
adk,adk,Protein
sigL,sigL,Protein
Rv0736,Rv0736,Protein
Rv0737,Rv0737,Protein
Rv0738,Rv0738,Protein
Rv0741,Rv0741,Protein
PE_PGRS8,PE_PGRS8,Protein
Rv0744c,Rv0744c,Protein
Rv0745,Rv0745,Protein
Rv0748,Rv0748,Protein
Rv0749A,Rv0749A,Protein
Rv0749,Rv0749,Protein
mmsB,mmsB,Protein
mmsA,mmsA,Protein
Rv0755A,Rv0755A,Protein
Rv0756c,Rv0756c,Protein
phoP,phoP,Protein
Rv0759c,Rv0759c,Protein
Rv0760c,Rv0760c,Protein
Rv0762c,Rv0762c,Protein
Rv0763c,Rv0763c,Protein
Rv0765c,Rv0765c,Protein
cyp123,cyp123,Protein
Rv0769,Rv0769,Protein
Rv0770,Rv0770,Protein
Rv0771,Rv0771,Protein
purD,purD,Protein
Rv0774c,Rv0774c,Protein
Rv0776c,Rv0776c,Protein
purB,purB,Protein
hemH,hemH,Protein
ptrBa,ptrBa,Protein
ptrBb,ptrBb,Protein
Rv0784,Rv0784,Protein
Rv0785,Rv0785,Protein
Rv0786c,Rv0786c,Protein
Rv0787A,Rv0787A,Protein
Rv0787,Rv0787,Protein
purQ,purQ,Protein
Rv0789c,Rv0789c,Protein
Rv0790c,Rv0790c,Protein
Rv0791c,Rv0791c,Protein
Rv0793,Rv0793,Protein
Rv0797,Rv0797,Protein
cfp29,cfp29,Protein
Rv0799c,Rv0799c,Protein
Rv0801,Rv0801,Protein
Rv0802c,Rv0802c,Protein
Rv0804,Rv0804,Protein
Rv0805,Rv0805,Protein
Rv0807,Rv0807,Protein
Rv0810c,Rv0810c,Protein
Rv0812,Rv0812,Protein
thiX,thiX,Protein
Rv0817c,Rv0817c,Protein
Rv0818,Rv0818,Protein
phoT,phoT,Protein
phoY2,phoY2,Protein
Rv0822c,Rv0822c,Protein
desA1,desA1,Protein
Rv0825c,Rv0825c,Protein
Rv0826,Rv0826,Protein
Rv0831c,Rv0831c,Protein
PE_PGRS12,PE_PGRS12,Protein
lpqQ,lpqQ,Protein
Rv0836c,Rv0836c,Protein
Rv0837c,Rv0837c,Protein
lpqR,lpqR,Protein
Rv0839,Rv0839,Protein
pip,pip,Protein
Rv0843,Rv0843,Protein
narL,narL,Protein
Rv0845,Rv0845,Protein
lpqS,lpqS,Protein
Rv0850,Rv0850,Protein
Rv0851c,Rv0851c,Protein
Rv0854,Rv0854,Protein
far,far,Protein
Rv0856,Rv0856,Protein
Rv0857,Rv0857,Protein
Rv0858c,Rv0858c,Protein
fadB,fadB,Protein
Rv0863,Rv0863,Protein
moaC,moaC,Protein
mog,mog,Protein
moaE2,moaE2,Protein
rpfA,rpfA,Protein
Rv0870c,Rv0870c,Protein
cspB,cspB,Protein
fadE10,fadE10,Protein
Rv0874c,Rv0874c,Protein
Rv0877,Rv0877,Protein
PPE13,PPE13,Protein
Rv0879c,Rv0879c,Protein
Rv0880,Rv0880,Protein
Rv0881,Rv0881,Protein
Rv0882,Rv0882,Protein
Rv0883c,Rv0883c,Protein
serC,serC,Protein
Rv0885,Rv0885,Protein
Rv0887c,Rv0887c,Protein
Rv0888,Rv0888,Protein
citA,citA,Protein
Rv0891c,Rv0891c,Protein
Rv0892,Rv0892,Protein
Rv0893c,Rv0893c,Protein
Rv0895,Rv0895,Protein
gltA2,gltA2,Protein
Rv0897c,Rv0897c,Protein
Rv0898c,Rv0898c,Protein
ompA,ompA,Protein
Rv0900,Rv0900,Protein
Rv0901,Rv0901,Protein
prrB,prrB,Protein
prrA,prrA,Protein
echA6,echA6,Protein
Rv0907,Rv0907,Protein
Rv0909,Rv0909,Protein
Rv0911,Rv0911,Protein
Rv0912,Rv0912,Protein
Rv0913c,Rv0913c,Protein
Rv0914c,Rv0914c,Protein
PE7,PE7,Protein
betP,betP,Protein
Rv0918,Rv0918,Protein
Rv0919,Rv0919,Protein
Rv0920c,Rv0920c,Protein
Rv0921,Rv0921,Protein
Rv0922,Rv0922,Protein
Rv0923c,Rv0923c,Protein
Rv0925c,Rv0925c,Protein
Rv0926c,Rv0926c,Protein
pstS3,pstS3,Protein
pstA1,pstA1,Protein
pknD,pknD,Protein
pstS2,pstS2,Protein
pstB,pstB,Protein
pstS1,pstS1,Protein
pstC1,pstC1,Protein
Rv0939,Rv0939,Protein
Rv0940c,Rv0940c,Protein
Rv0942,Rv0942,Protein
Rv0944,Rv0944,Protein
Rv0945,Rv0945,Protein
pgi,pgi,Protein
Rv0948c,Rv0948c,Protein
uvrD1,uvrD1,Protein
Rv0950c,Rv0950c,Protein
sucC,sucC,Protein
Rv0953c,Rv0953c,Protein
purH,purH,Protein
Rv0958,Rv0958,Protein
Rv0959,Rv0959,Protein
lprP,lprP,Protein
Rv0963c,Rv0963c,Protein
Rv0964c,Rv0964c,Protein
Rv0966c,Rv0966c,Protein
Rv0967,Rv0967,Protein
Rv0968,Rv0968,Protein
ctpV,ctpV,Protein
Rv0970,Rv0970,Protein
echA7,echA7,Protein
fadE12,fadE12,Protein
accD2,accD2,Protein
fadE13,fadE13,Protein
Rv0976c,Rv0976c,Protein
rpmF,rpmF,Protein
Rv0979c,Rv0979c,Protein
PE_PGRS18,PE_PGRS18,Protein
mprA,mprA,Protein
mprB,mprB,Protein
pepD,pepD,Protein
moaB2,moaB2,Protein
Rv0986,Rv0986,Protein
Rv0988,Rv0988,Protein
grcC2,grcC2,Protein
Rv0990c,Rv0990c,Protein
Rv0991c,Rv0991c,Protein
Rv0992c,Rv0992c,Protein
galU,galU,Protein
moeA1,moeA1,Protein
rimJ,rimJ,Protein
Rv0997,Rv0997,Protein
Rv0998,Rv0998,Protein
Rv0999,Rv0999,Protein
Rv1000c,Rv1000c,Protein
arcA,arcA,Protein
Rv1002c,Rv1002c,Protein
Rv1003,Rv1003,Protein
Rv1004c,Rv1004c,Protein
tatD,tatD,Protein
rpfB,rpfB,Protein
ksgA,ksgA,Protein
Rv1012,Rv1012,Protein
pks16,pks16,Protein
pth,pth,Protein
rplY,rplY,Protein
lpqT,lpqT,Protein
prsA,prsA,Protein
Rv1019,Rv1019,Protein
Rv1021,Rv1021,Protein
lpqU,lpqU,Protein
eno,eno,Protein
Rv1025,Rv1025,Protein
Rv1026,Rv1026,Protein
kdpE,kdpE,Protein
kdpD,kdpD,Protein
kdpB,kdpB,Protein
kdpC,kdpC,Protein
trcS,trcS,Protein
Rv1035c,Rv1035c,Protein
Rv1036c,Rv1036c,Protein
esxI,esxI,Protein
esxJ,esxJ,Protein
PPE15,PPE15,Protein
PE8,PE8,Protein
Rv1041c,Rv1041c,Protein
Rv1044,Rv1044,Protein
Rv1046c,Rv1046c,Protein
Rv1050,Rv1050,Protein
Rv1051c,Rv1051c,Protein
Rv1052,Rv1052,Protein
Rv1053c,Rv1053c,Protein
Rv1054,Rv1054,Protein
Rv1055,Rv1055,Protein
Rv1056,Rv1056,Protein
Rv1057,Rv1057,Protein
fadD14,fadD14,Protein
Rv1059,Rv1059,Protein
Rv1060,Rv1060,Protein
lpqV,lpqV,Protein
Rv1065,Rv1065,Protein
Rv1069c,Rv1069c,Protein
echA8,echA8,Protein
echA9,echA9,Protein
Rv1072,Rv1072,Protein
Rv1073,Rv1073,Protein
fadA3,fadA3,Protein
Rv1075c,Rv1075c,Protein
metB,metB,Protein
Rv1081c,Rv1081c,Protein
mca,mca,Protein
Rv1084,Rv1084,Protein
Rv1086,Rv1086,Protein
Rv1087A,Rv1087A,Protein
PE9,PE9,Protein
celA2a,celA2a,Protein
PE10,PE10,Protein
celA2b,celA2b,Protein
coaA,coaA,Protein
glyA1,glyA1,Protein
desA2,desA2,Protein
Rv1097c,Rv1097c,Protein
fumC,fumC,Protein
Rv1099c,Rv1099c,Protein
Rv1100,Rv1100,Protein
Rv1101c,Rv1101c,Protein
Rv1102c,Rv1102c,Protein
Rv1103c,Rv1103c,Protein
Rv1104,Rv1104,Protein
Rv1105,Rv1105,Protein
Rv1106c,Rv1106c,Protein
xseB,xseB,Protein
xseA,xseA,Protein
Rv1109c,Rv1109c,Protein
lytB2,lytB2,Protein
Rv1113,Rv1113,Protein
Rv1114,Rv1114,Protein
Rv1116A,Rv1116A,Protein
Rv1116,Rv1116,Protein
Rv1117,Rv1117,Protein
Rv1118c,Rv1118c,Protein
Rv1119c,Rv1119c,Protein
Rv1120c,Rv1120c,Protein
bpoB,bpoB,Protein
ephC,ephC,Protein
Rv1125,Rv1125,Protein
Rv1126c,Rv1126c,Protein
Rv1129c,Rv1129c,Protein
gltA1,gltA1,Protein
Rv1132,Rv1132,Protein
Rv1134,Rv1134,Protein
Rv1135A,Rv1135A,Protein
Rv1136,Rv1136,Protein
Rv1137c,Rv1137c,Protein
Rv1138c,Rv1138c,Protein
Rv1139c,Rv1139c,Protein
echA11,echA11,Protein
echA10,echA10,Protein
Rv1144,Rv1144,Protein
Rv1147,Rv1147,Protein
Rv1148c,Rv1148c,Protein
Rv1149,Rv1149,Protein
Rv1151c,Rv1151c,Protein
omt,omt,Protein
Rv1154c,Rv1154c,Protein
Rv1155,Rv1155,Protein
Rv1157c,Rv1157c,Protein
Rv1158c,Rv1158c,Protein
mutT2,mutT2,Protein
Rv1167c,Rv1167c,Protein
PE11,PE11,Protein
mshB,mshB,Protein
PE12,PE12,Protein
fbiC,fbiC,Protein
TB8.4,TB8.4,Protein
fdxC,fdxC,Protein
Rv1178,Rv1178,Protein
Rv1179c,Rv1179c,Protein
pks3,pks3,Protein
Rv1184c,Rv1184c,Protein
fadD21,fadD21,Protein
rocA,rocA,Protein
sigI,sigI,Protein
Rv1190,Rv1190,Protein
Rv1191,Rv1191,Protein
Rv1192,Rv1192,Protein
PE13,PE13,Protein
PPE18,PPE18,Protein
esxK,esxK,Protein
esxL,esxL,Protein
Rv1200,Rv1200,Protein
dapE,dapE,Protein
Rv1203c,Rv1203c,Protein
Rv1205,Rv1205,Protein
folP2,folP2,Protein
Rv1209,Rv1209,Protein
tagA,tagA,Protein
Rv1211,Rv1211,Protein
glgC,glgC,Protein
PE14,PE14,Protein
Rv1217c,Rv1217c,Protein
Rv1218c,Rv1218c,Protein
Rv1219c,Rv1219c,Protein
Rv1220c,Rv1220c,Protein
sigE,sigE,Protein
Rv1222,Rv1222,Protein
tatB,tatB,Protein
Rv1225c,Rv1225c,Protein
Rv1227c,Rv1227c,Protein
lpqX,lpqX,Protein
mrp,mrp,Protein
Rv1232c,Rv1232c,Protein
Rv1233c,Rv1233c,Protein
Rv1234,Rv1234,Protein
sugC,sugC,Protein
corA,corA,Protein
Rv1241,Rv1241,Protein
Rv1242,Rv1242,Protein
lpqZ,lpqZ,Protein
Rv1245c,Rv1245c,Protein
Rv1246c,Rv1246c,Protein
Rv1247c,Rv1247c,Protein
Rv1249c,Rv1249c,Protein
lprE,lprE,Protein
Rv1254,Rv1254,Protein
Rv1255c,Rv1255c,Protein
Rv1257c,Rv1257c,Protein
Rv1259,Rv1259,Protein
Rv1260,Rv1260,Protein
Rv1261c,Rv1261c,Protein
Rv1262c,Rv1262c,Protein
Rv1264,Rv1264,Protein
Rv1265,Rv1265,Protein
pknH,pknH,Protein
embR,embR,Protein
Rv1268c,Rv1268c,Protein
Rv1269c,Rv1269c,Protein
lprA,lprA,Protein
Rv1273c,Rv1273c,Protein
lprB,lprB,Protein
lprC,lprC,Protein
Rv1276c,Rv1276c,Protein
Rv1279,Rv1279,Protein
oppC,oppC,Protein
oppB,oppB,Protein
Rv1284,Rv1284,Protein
cysD,cysD,Protein
cysN,cysN,Protein
Rv1287,Rv1287,Protein
Rv1289,Rv1289,Protein
Rv1290A,Rv1290A,Protein
Rv1290c,Rv1290c,Protein
Rv1291c,Rv1291c,Protein
lysA,lysA,Protein
thrA,thrA,Protein
thrB,thrB,Protein
rpmE,rpmE,Protein
atpE,atpE,Protein
atpG,atpG,Protein
atpD,atpD,Protein
Rv1312,Rv1312,Protein
murA,murA,Protein
ogt,ogt,Protein
alkA,alkA,Protein
Rv1321,Rv1321,Protein
Rv1322A,Rv1322A,Protein
Rv1322,Rv1322,Protein
Rv1324,Rv1324,Protein
glgP,glgP,Protein
Rv1330c,Rv1330c,Protein
clpS,clpS,Protein
Rv1332,Rv1332,Protein
Rv1334,Rv1334,Protein
Rv1335,Rv1335,Protein
cysM,cysM,Protein
Rv1337,Rv1337,Protein
murI,murI,Protein
Rv1339,Rv1339,Protein
Rv1341,Rv1341,Protein
Rv1342c,Rv1342c,Protein
lprD,lprD,Protein
Rv1344,Rv1344,Protein
fadD33,fadD33,Protein
fadE14,fadE14,Protein
Rv1347c,Rv1347c,Protein
Rv1348,Rv1348,Protein
Rv1351,Rv1351,Protein
Rv1352,Rv1352,Protein
Rv1353c,Rv1353c,Protein
Rv1354c,Rv1354c,Protein
moeY,moeY,Protein
Rv1356c,Rv1356c,Protein
Rv1357c,Rv1357c,Protein
Rv1359,Rv1359,Protein
PPE19,PPE19,Protein
Rv1362c,Rv1362c,Protein
Rv1366,Rv1366,Protein
Rv1367c,Rv1367c,Protein
Rv1371,Rv1371,Protein
Rv1372,Rv1372,Protein
Rv1373,Rv1373,Protein
Rv1374c,Rv1374c,Protein
Rv1377c,Rv1377c,Protein
Rv1378c,Rv1378c,Protein
pyrR,pyrR,Protein
pyrB,pyrB,Protein
pyrC,pyrC,Protein
pyrF,pyrF,Protein
PE15,PE15,Protein
mihF,mihF,Protein
gmk,gmk,Protein
rpoZ,rpoZ,Protein
metK,metK,Protein
cyp132,cyp132,Protein
PE_PGRS25,PE_PGRS25,Protein
Rv1397c,Rv1397c,Protein
Rv1398c,Rv1398c,Protein
lipI,lipI,Protein
Rv1401,Rv1401,Protein
priA,priA,Protein
Rv1403c,Rv1403c,Protein
Rv1404,Rv1404,Protein
Rv1405c,Rv1405c,Protein
fmt,fmt,Protein
rpe,rpe,Protein
ribG,ribG,Protein
lprG,lprG,Protein
Rv1413,Rv1413,Protein
Rv1414,Rv1414,Protein
ribH,ribH,Protein
Rv1417,Rv1417,Protein
Rv1419,Rv1419,Protein
whiA,whiA,Protein
Rv1425,Rv1425,Protein
Rv1428c,Rv1428c,Protein
Rv1433,Rv1433,Protein
gap,gap,Protein
pgk,pgk,Protein
Rv1439c,Rv1439c,Protein
secG,secG,Protein
Rv1443c,Rv1443c,Protein
Rv1444c,Rv1444c,Protein
devB,devB,Protein
opcA,opcA,Protein
tal,tal,Protein
PE_PGRS27,PE_PGRS27,Protein
ctaB,ctaB,Protein
PE_PGRS28,PE_PGRS28,Protein
qor,qor,Protein
Rv1455,Rv1455,Protein
Rv1456c,Rv1456c,Protein
Rv1457c,Rv1457c,Protein
csd,csd,Protein
Rv1465,Rv1465,Protein
fadE15,fadE15,Protein
PE_PGRS29,PE_PGRS29,Protein
trxA,trxA,Protein
trxB1,trxB1,Protein
echA12,echA12,Protein
Rv1473A,Rv1473A,Protein
Rv1474c,Rv1474c,Protein
Rv1476,Rv1476,Protein
Rv1477,Rv1477,Protein
Rv1478,Rv1478,Protein
moxR1,moxR1,Protein
Rv1480,Rv1480,Protein
Rv1482c,Rv1482c,Protein
inhA,inhA,Protein
hemZ,hemZ,Protein
Rv1486c,Rv1486c,Protein
mutA,mutA,Protein
Rv1494,Rv1494,Protein
Rv1495,Rv1495,Protein
Rv1496,Rv1496,Protein
lipL,lipL,Protein
Rv1498c,Rv1498c,Protein
Rv1499,Rv1499,Protein
Rv1501,Rv1501,Protein
Rv1502,Rv1502,Protein
Rv1503c,Rv1503c,Protein
Rv1504c,Rv1504c,Protein
Rv1505c,Rv1505c,Protein
Rv1507A,Rv1507A,Protein
Rv1508A,Rv1508A,Protein
Rv1510,Rv1510,Protein
Rv1513,Rv1513,Protein
Rv1514c,Rv1514c,Protein
Rv1515c,Rv1515c,Protein
Rv1517,Rv1517,Protein
Rv1518,Rv1518,Protein
Rv1519,Rv1519,Protein
mmpL12,mmpL12,Protein
Rv1523,Rv1523,Protein
Rv1524,Rv1524,Protein
wbbL2,wbbL2,Protein
Rv1526c,Rv1526c,Protein
papA4,papA4,Protein
fadD24,fadD24,Protein
adh,adh,Protein
Rv1531,Rv1531,Protein
Rv1532c,Rv1532c,Protein
Rv1533,Rv1533,Protein
dinX,dinX,Protein
lspA,lspA,Protein
Rv1540,Rv1540,Protein
lprI,lprI,Protein
glbN,glbN,Protein
Rv1543,Rv1543,Protein
Rv1544,Rv1544,Protein
Rv1545,Rv1545,Protein
Rv1546,Rv1546,Protein
dnaE1,dnaE1,Protein
PPE21,PPE21,Protein
fadD11.1,fadD11.1,Protein
plsB1,plsB1,Protein
frdA,frdA,Protein
frdB,frdB,Protein
frdD,frdD,Protein
Rv1556,Rv1556,Protein
Rv1558,Rv1558,Protein
Rv1560,Rv1560,Protein
Rv1561,Rv1561,Protein
treX,treX,Protein
Rv1566c,Rv1566c,Protein
bioD,bioD,Protein
Rv1571,Rv1571,Protein
Rv1572c,Rv1572c,Protein
Rv1573,Rv1573,Protein
Rv1574,Rv1574,Protein
Rv1575,Rv1575,Protein
Rv1576c,Rv1576c,Protein
Rv1577c,Rv1577c,Protein
Rv1580c,Rv1580c,Protein
Rv1581c,Rv1581c,Protein
Rv1583c,Rv1583c,Protein
Rv1585c,Rv1585c,Protein
Rv1586c,Rv1586c,Protein
Rv1588c,Rv1588c,Protein
bioB,bioB,Protein
Rv1590,Rv1590,Protein
Rv1591,Rv1591,Protein
nadA,nadA,Protein
nadC,nadC,Protein
Rv1597,Rv1597,Protein
hisB,hisB,Protein
hisA,hisA,Protein
hisF,hisF,Protein
bcpB,bcpB,Protein
trpE,trpE,Protein
Rv1610,Rv1610,Protein
trpC,trpC,Protein
trpA,trpA,Protein
lgt,lgt,Protein
pykA,pykA,Protein
tesB1,tesB1,Protein
Rv1624c,Rv1624c,Protein
Rv1626,Rv1626,Protein
Rv1627c,Rv1627c,Protein
Rv1628c,Rv1628c,Protein
rpsA,rpsA,Protein
coaE,coaE,Protein
Rv1632c,Rv1632c,Protein
Rv1634,Rv1634,Protein
Rv1635c,Rv1635c,Protein
TB15.3,TB15.3,Protein
Rv1637c,Rv1637c,Protein
Rv1638A,Rv1638A,Protein
Rv1639c,Rv1639c,Protein
infC,infC,Protein
rpmI,rpmI,Protein
rplT,rplT,Protein
tsnR,tsnR,Protein
PE17,PE17,Protein
Rv1648,Rv1648,Protein
pheS,pheS,Protein
argC,argC,Protein
argJ,argJ,Protein
argF,argF,Protein
argR,argR,Protein
argG,argG,Protein
pks10,pks10,Protein
pks9,pks9,Protein
cyp139,cyp139,Protein
Rv1668c,Rv1668c,Protein
Rv1669,Rv1669,Protein
Rv1670,Rv1670,Protein
Rv1671,Rv1671,Protein
Rv1672c,Rv1672c,Protein
Rv1674c,Rv1674c,Protein
Rv1676,Rv1676,Protein
dsbF,dsbF,Protein
Rv1680,Rv1680,Protein
moeX,moeX,Protein
Rv1682,Rv1682,Protein
Rv1684,Rv1684,Protein
Rv1687c,Rv1687c,Protein
mpg,mpg,Protein
tyrS,tyrS,Protein
lprJ,lprJ,Protein
Rv1691,Rv1691,Protein
Rv1692,Rv1692,Protein
tlyA,tlyA,Protein
recN,recN,Protein
Rv1702c,Rv1702c,Protein
cycA,cycA,Protein
PPE22,PPE22,Protein
Rv1706A,Rv1706A,Protein
PPE23,PPE23,Protein
Rv1708,Rv1708,Protein
Rv1710,Rv1710,Protein
Rv1711,Rv1711,Protein
cmk,cmk,Protein
Rv1714,Rv1714,Protein
Rv1716,Rv1716,Protein
Rv1717,Rv1717,Protein
Rv1718,Rv1718,Protein
Rv1720c,Rv1720c,Protein
Rv1721c,Rv1721c,Protein
Rv1722,Rv1722,Protein
Rv1724c,Rv1724c,Protein
Rv1725c,Rv1725c,Protein
Rv1727,Rv1727,Protein
Rv1729c,Rv1729c,Protein
Rv1732c,Rv1732c,Protein
Rv1733c,Rv1733c,Protein
Rv1734c,Rv1734c,Protein
Rv1735c,Rv1735c,Protein
narX,narX,Protein
narK2,narK2,Protein
Rv1738,Rv1738,Protein
Rv1739c,Rv1739c,Protein
Rv1740,Rv1740,Protein
Rv1741,Rv1741,Protein
Rv1742,Rv1742,Protein
pknE,pknE,Protein
Rv1744c,Rv1744c,Protein
idi,idi,Protein
pknF,pknF,Protein
Rv1748,Rv1748,Protein
Rv1749c,Rv1749c,Protein
fadD1,fadD1,Protein
Rv1752,Rv1752,Protein
plcD,plcD,Protein
cut1,cut1,Protein
Rv1761c,Rv1761c,Protein
Rv1766,Rv1766,Protein
Rv1767,Rv1767,Protein
Rv1769,Rv1769,Protein
Rv1770,Rv1770,Protein
Rv1772,Rv1772,Protein
Rv1773c,Rv1773c,Protein
Rv1775,Rv1775,Protein
cyp144,cyp144,Protein
Rv1778c,Rv1778c,Protein
Rv1780,Rv1780,Protein
malQ,malQ,Protein
Rv1783,Rv1783,Protein
cyp143,cyp143,Protein
PE18,PE18,Protein
PPE26,PPE26,Protein
PPE27,PPE27,Protein
PE19,PE19,Protein
esxM,esxM,Protein
esxN,esxN,Protein
Rv1794,Rv1794,Protein
Rv1795,Rv1795,Protein
Rv1797,Rv1797,Protein
lppT,lppT,Protein
PE_PGRS32,PE_PGRS32,Protein
Rv1804c,Rv1804c,Protein
Rv1805c,Rv1805c,Protein
Rv1810,Rv1810,Protein
mgtC,mgtC,Protein
Rv1813c,Rv1813c,Protein
Rv1815,Rv1815,Protein
PE_PGRS33,PE_PGRS33,Protein
ilvG,ilvG,Protein
Rv1823,Rv1823,Protein
Rv1824,Rv1824,Protein
Rv1825,Rv1825,Protein
gcvH,gcvH,Protein
cfp17,cfp17,Protein
Rv1829,Rv1829,Protein
Rv1830,Rv1830,Protein
Rv1831,Rv1831,Protein
Rv1833c,Rv1833c,Protein
Rv1834,Rv1834,Protein
Rv1836c,Rv1836c,Protein
Rv1838c,Rv1838c,Protein
Rv1839c,Rv1839c,Protein
PE_PGRS34,PE_PGRS34,Protein
gnd1,gnd1,Protein
ureA,ureA,Protein
ureB,ureB,Protein
ureC,ureC,Protein
ureF,ureF,Protein
ureD,ureD,Protein
ndh,ndh,Protein
Rv1855c,Rv1855c,Protein
Rv1856c,Rv1856c,Protein
modA,modA,Protein
modB,modB,Protein
modC,modC,Protein
apa,apa,Protein
adhA,adhA,Protein
Rv1863c,Rv1863c,Protein
Rv1864c,Rv1864c,Protein
Rv1865c,Rv1865c,Protein
Rv1867,Rv1867,Protein
Rv1868,Rv1868,Protein
Rv1869c,Rv1869c,Protein
Rv1870c,Rv1870c,Protein
Rv1871c,Rv1871c,Protein
lldD2,lldD2,Protein
Rv1873,Rv1873,Protein
Rv1875,Rv1875,Protein
bfrA,bfrA,Protein
Rv1879,Rv1879,Protein
lppE,lppE,Protein
Rv1882c,Rv1882c,Protein
Rv1883c,Rv1883c,Protein
rpfC,rpfC,Protein
Rv1885c,Rv1885c,Protein
fbpB,fbpB,Protein
Rv1888c,Rv1888c,Protein
Rv1889c,Rv1889c,Protein
Rv1890c,Rv1890c,Protein
Rv1891,Rv1891,Protein
Rv1892,Rv1892,Protein
Rv1894c,Rv1894c,Protein
Rv1895,Rv1895,Protein
Rv1896c,Rv1896c,Protein
Rv1897c,Rv1897c,Protein
Rv1898,Rv1898,Protein
lppD,lppD,Protein
nanT,nanT,Protein
Rv1903,Rv1903,Protein
Rv1904,Rv1904,Protein
aao,aao,Protein
Rv1906c,Rv1906c,Protein
Rv1907c,Rv1907c,Protein
furA,furA,Protein
Rv1910c,Rv1910c,Protein
lppC,lppC,Protein
fadB5,fadB5,Protein
Rv1914c,Rv1914c,Protein
aceAa,aceAa,Protein
Rv1919c,Rv1919c,Protein
lppF,lppF,Protein
Rv1922,Rv1922,Protein
lipD,lipD,Protein
Rv1924c,Rv1924c,Protein
fadD31,fadD31,Protein
mpt63,mpt63,Protein
Rv1927,Rv1927,Protein
Rv1928c,Rv1928c,Protein
Rv1929c,Rv1929c,Protein
Rv1930c,Rv1930c,Protein
Rv1931c,Rv1931c,Protein
tpx,tpx,Protein
fadE18,fadE18,Protein
fadE17,fadE17,Protein
echA13,echA13,Protein
Rv1936,Rv1936,Protein
Rv1937,Rv1937,Protein
Rv1939,Rv1939,Protein
ribA1,ribA1,Protein
Rv1941,Rv1941,Protein
Rv1942c,Rv1942c,Protein
Rv1944c,Rv1944c,Protein
Rv1945,Rv1945,Protein
lppG,lppG,Protein
Rv1947,Rv1947,Protein
Rv1949c,Rv1949c,Protein
Rv1950c,Rv1950c,Protein
Rv1951c,Rv1951c,Protein
Rv1952,Rv1952,Protein
Rv1953,Rv1953,Protein
Rv1954c,Rv1954c,Protein
Rv1956,Rv1956,Protein
Rv1957,Rv1957,Protein
Rv1958c,Rv1958c,Protein
Rv1960c,Rv1960c,Protein
Rv1961,Rv1961,Protein
Rv1962c,Rv1962c,Protein
mce3R,mce3R,Protein
yrbE3B,yrbE3B,Protein
Rv1972,Rv1972,Protein
Rv1974,Rv1974,Protein
Rv1975,Rv1975,Protein
Rv1976c,Rv1976c,Protein
Rv1977,Rv1977,Protein
Rv1978,Rv1978,Protein
nrdF1,nrdF1,Protein
Rv1982c,Rv1982c,Protein
PE_PGRS35,PE_PGRS35,Protein
Rv1986,Rv1986,Protein
Rv1987,Rv1987,Protein
Rv1988,Rv1988,Protein
Rv1990A,Rv1990A,Protein
Rv1991c,Rv1991c,Protein
Rv1993c,Rv1993c,Protein
Rv1995,Rv1995,Protein
Rv1996,Rv1996,Protein
ctpF,ctpF,Protein
Rv1998c,Rv1998c,Protein
fabG3,fabG3,Protein
Rv2003c,Rv2003c,Protein
Rv2004c,Rv2004c,Protein
Rv2005c,Rv2005c,Protein
otsB1,otsB1,Protein
fdxA,fdxA,Protein
Rv2009,Rv2009,Protein
Rv2010,Rv2010,Protein
Rv2012,Rv2012,Protein
Rv2015c,Rv2015c,Protein
Rv2016,Rv2016,Protein
Rv2017,Rv2017,Protein
Rv2018,Rv2018,Protein
Rv2019,Rv2019,Protein
Rv2020c,Rv2020c,Protein
Rv2022c,Rv2022c,Protein
Rv2023c,Rv2023c,Protein
Rv2026c,Rv2026c,Protein
Rv2027c,Rv2027c,Protein
Rv2028c,Rv2028c,Protein
pfkB,pfkB,Protein
hspX,hspX,Protein
acg,acg,Protein
Rv2033c,Rv2033c,Protein
Rv2035,Rv2035,Protein
Rv2036,Rv2036,Protein
Rv2037c,Rv2037c,Protein
Rv2038c,Rv2038c,Protein
Rv2039c,Rv2039c,Protein
Rv2042c,Rv2042c,Protein
Rv2044c,Rv2044c,Protein
lipT,lipT,Protein
lppI,lppI,Protein
Rv2047c,Rv2047c,Protein
pks12,pks12,Protein
Rv2050,Rv2050,Protein
Rv2052c,Rv2052c,Protein
Rv2053c,Rv2053c,Protein
Rv2054,Rv2054,Protein
rpsN2,rpsN2,Protein
rpmG1,rpmG1,Protein
rpmB2,rpmB2,Protein
Rv2061c,Rv2061c,Protein
cobN,cobN,Protein
Rv2063,Rv2063,Protein
cobH,cobH,Protein
cobI,cobI,Protein
blaC,blaC,Protein
cobK,cobK,Protein
cobM,cobM,Protein
cobL,cobL,Protein
Rv2074,Rv2074,Protein
Rv2075c,Rv2075c,Protein
Rv2076c,Rv2076c,Protein
Rv2077A,Rv2077A,Protein
Rv2078,Rv2078,Protein
Rv2079,Rv2079,Protein
lppJ,lppJ,Protein
Rv2081c,Rv2081c,Protein
Rv2083,Rv2083,Protein
Rv2084,Rv2084,Protein
Rv2085,Rv2085,Protein
Rv2086,Rv2086,Protein
Rv2087,Rv2087,Protein
pknJ,pknJ,Protein
pepE,pepE,Protein
Rv2090,Rv2090,Protein
Rv2091c,Rv2091c,Protein
tatC,tatC,Protein
tatA,tatA,Protein
Rv2095c,Rv2095c,Protein
Rv2096c,Rv2096c,Protein
Rv2100,Rv2100,Protein
Rv2102,Rv2102,Protein
Rv2104c,Rv2104c,Protein
PE22,PE22,Protein
PPE36,PPE36,Protein
prcA,prcA,Protein
Rv2111c,Rv2111c,Protein
Rv2114,Rv2114,Protein
lppK,lppK,Protein
Rv2118c,Rv2118c,Protein
Rv2119,Rv2119,Protein
PPE37,PPE37,Protein
PE_PGRS37,PE_PGRS37,Protein
Rv2128,Rv2128,Protein
cysQ,cysQ,Protein
Rv2132,Rv2132,Protein
Rv2133c,Rv2133c,Protein
Rv2134c,Rv2134c,Protein
Rv2135c,Rv2135c,Protein
Rv2137c,Rv2137c,Protein
pyrD,pyrD,Protein
TB18.6,TB18.6,Protein
Rv2141c,Rv2141c,Protein
Rv2142c,Rv2142c,Protein
wag31,wag31,Protein
Rv2147c,Rv2147c,Protein
yfiH,yfiH,Protein
ftsZ,ftsZ,Protein
ftsQ,ftsQ,Protein
murC,murC,Protein
murD,murD,Protein
murX,murX,Protein
Rv2159c,Rv2159c,Protein
Rv2160c,Rv2160c,Protein
pbpB,pbpB,Protein
mraW,mraW,Protein
Rv2166c,Rv2166c,Protein
Rv2170,Rv2170,Protein
Rv2172c,Rv2172c,Protein
idsA2,idsA2,Protein
pknL,pknL,Protein
Rv2177c,Rv2177c,Protein
aroG,aroG,Protein
Rv2182c,Rv2182c,Protein
Rv2184c,Rv2184c,Protein
TB16.3,TB16.3,Protein
Rv2186c,Rv2186c,Protein
Rv2189c,Rv2189c,Protein
Rv2191,Rv2191,Protein
trpD,trpD,Protein
qcrA,qcrA,Protein
Rv2203,Rv2203,Protein
Rv2204c,Rv2204c,Protein
Rv2205c,Rv2205c,Protein
Rv2206,Rv2206,Protein
cobT,cobT,Protein
ilvE,ilvE,Protein
gcvT,gcvT,Protein
pepB,pepB,Protein
dlaT,dlaT,Protein
Rv2216,Rv2216,Protein
lipB,lipB,Protein
Rv2219A,Rv2219A,Protein
Rv2219,Rv2219,Protein
glnA1,glnA1,Protein
Rv2223c,Rv2223c,Protein
Rv2227,Rv2227,Protein
Rv2228c,Rv2228c,Protein
Rv2229c,Rv2229c,Protein
Rv2230c,Rv2230c,Protein
cobC,cobC,Protein
Rv2232,Rv2232,Protein
Rv2235,Rv2235,Protein
cobD,cobD,Protein
Rv2237,Rv2237,Protein
Rv2240c,Rv2240c,Protein
aceE,aceE,Protein
Rv2242,Rv2242,Protein
fabD,fabD,Protein
acpM,acpM,Protein
kasA,kasA,Protein
kasB,kasB,Protein
accD6,accD6,Protein
Rv2248,Rv2248,Protein
glpD1,glpD1,Protein
Rv2250A,Rv2250A,Protein
Rv2250c,Rv2250c,Protein
Rv2252,Rv2252,Protein
Rv2253,Rv2253,Protein
Rv2254c,Rv2254c,Protein
Rv2255c,Rv2255c,Protein
Rv2256c,Rv2256c,Protein
adhE2,adhE2,Protein
Rv2260,Rv2260,Protein
Rv2261c,Rv2261c,Protein
Rv2264c,Rv2264c,Protein
cyp124,cyp124,Protein
Rv2267c,Rv2267c,Protein
Rv2269c,Rv2269c,Protein
lppN,lppN,Protein
Rv2273,Rv2273,Protein
Rv2274c,Rv2274c,Protein
Rv2275,Rv2275,Protein
cyp121,cyp121,Protein
Rv2280,Rv2280,Protein
Rv2282c,Rv2282c,Protein
Rv2283,Rv2283,Protein
lipM,lipM,Protein
Rv2285,Rv2285,Protein
Rv2286c,Rv2286c,Protein
Rv2288,Rv2288,Protein
cdh,cdh,Protein
lppO,lppO,Protein
sseB,sseB,Protein
Rv2292c,Rv2292c,Protein
Rv2293c,Rv2293c,Protein
Rv2294,Rv2294,Protein
Rv2295,Rv2295,Protein
Rv2296,Rv2296,Protein
Rv2298,Rv2298,Protein
Rv2302,Rv2302,Protein
Rv2303c,Rv2303c,Protein
Rv2306A,Rv2306A,Protein
Rv2307A,Rv2307A,Protein
Rv2307B,Rv2307B,Protein
Rv2307c,Rv2307c,Protein
Rv2307D,Rv2307D,Protein
Rv2308,Rv2308,Protein
Rv2309A,Rv2309A,Protein
Rv2309c,Rv2309c,Protein
Rv2310,Rv2310,Protein
Rv2311,Rv2311,Protein
Rv2312,Rv2312,Protein
Rv2313c,Rv2313c,Protein
uspA,uspA,Protein
uspC,uspC,Protein
rocD2,rocD2,Protein
rocD1,rocD1,Protein
Rv2323c,Rv2323c,Protein
Rv2324,Rv2324,Protein
Rv2331A,Rv2331A,Protein
Rv2331,Rv2331,Protein
mez,mez,Protein
cysK1,cysK1,Protein
cysE,cysE,Protein
Rv2336,Rv2336,Protein
moeW,moeW,Protein
PE_PGRS39,PE_PGRS39,Protein
lppQ,lppQ,Protein
Rv2342,Rv2342,Protein
dnaG,dnaG,Protein
dgt,dgt,Protein
esxO,esxO,Protein
esxP,esxP,Protein
Rv2348c,Rv2348c,Protein
plcC,plcC,Protein
plcB,plcB,Protein
PPE38,PPE38,Protein
PPE39,PPE39,Protein
PPE40,PPE40,Protein
glyS,glyS,Protein
Rv2361c,Rv2361c,Protein
recO,recO,Protein
amiA2,amiA2,Protein
era,era,Protein
Rv2366c,Rv2366c,Protein
Rv2367c,Rv2367c,Protein
phoH1,phoH1,Protein
Rv2369c,Rv2369c,Protein
Rv2372c,Rv2372c,Protein
dnaJ2,dnaJ2,Protein
hrcA,hrcA,Protein
Rv2375,Rv2375,Protein
mbtH,mbtH,Protein
mbtE,mbtE,Protein
mbtB,mbtB,Protein
mbtJ,mbtJ,Protein
mbtI,mbtI,Protein
Rv2387,Rv2387,Protein
cysH,cysH,Protein
Rv2393,Rv2393,Protein
PE_PGRS41,PE_PGRS41,Protein
cysA1,cysA1,Protein
cysW,cysW,Protein
subI,subI,Protein
Rv2401,Rv2401,Protein
lppR,lppR,Protein
Rv2405,Rv2405,Protein
Rv2406c,Rv2406c,Protein
Rv2407,Rv2407,Protein
PE24,PE24,Protein
Rv2409c,Rv2409c,Protein
Rv2410c,Rv2410c,Protein
Rv2411c,Rv2411c,Protein
rpsT,rpsT,Protein
Rv2413c,Rv2413c,Protein
Rv2414c,Rv2414c,Protein
Rv2415c,Rv2415c,Protein
eis,eis,Protein
Rv2417c,Rv2417c,Protein
Rv2418c,Rv2418c,Protein
Rv2419c,Rv2419c,Protein
nadD,nadD,Protein
Rv2423,Rv2423,Protein
Rv2424c,Rv2424c,Protein
Rv2426c,Rv2426c,Protein
proA,proA,Protein
ahpC,ahpC,Protein
ahpD,ahpD,Protein
PPE41,PPE41,Protein
Rv2432c,Rv2432c,Protein
Rv2434c,Rv2434c,Protein
rbsK,rbsK,Protein
Rv2437,Rv2437,Protein
Rv2438A,Rv2438A,Protein
obg,obg,Protein
rpmA,rpmA,Protein
rplU,rplU,Protein
ndkA,ndkA,Protein
Rv2446c,Rv2446c,Protein
folC,folC,Protein
Rv2449c,Rv2449c,Protein
rpfE,rpfE,Protein
Rv2451,Rv2451,Protein
Rv2452c,Rv2452c,Protein
mobA,mobA,Protein
Rv2454c,Rv2454c,Protein
mmuM,mmuM,Protein
Rv2459,Rv2459,Protein
clpP2,clpP2,Protein
clpP1,clpP1,Protein
lipP,lipP,Protein
Rv2464c,Rv2464c,Protein
Rv2465c,Rv2465c,Protein
Rv2468c,Rv2468c,Protein
Rv2469c,Rv2469c,Protein
glbO,glbO,Protein
aglA,aglA,Protein
Rv2472,Rv2472,Protein
Rv2473,Rv2473,Protein
Rv2474c,Rv2474c,Protein
Rv2475c,Rv2475c,Protein
Rv2477c,Rv2477c,Protein
Rv2478c,Rv2478c,Protein
Rv2481c,Rv2481c,Protein
echA14,echA14,Protein
Rv2491,Rv2491,Protein
Rv2494,Rv2494,Protein
pdhB,pdhB,Protein
pdhA,pdhA,Protein
citE,citE,Protein
fadE19,fadE19,Protein
accA1,accA1,Protein
accD1,accD1,Protein
scoB,scoB,Protein
scoA,scoA,Protein
Rv2506,Rv2506,Protein
Rv2507,Rv2507,Protein
Rv2509,Rv2509,Protein
orn,orn,Protein
Rv2512c,Rv2512c,Protein
Rv2513,Rv2513,Protein
Rv2516c,Rv2516c,Protein
PE26,PE26,Protein
Rv2520c,Rv2520c,Protein
fas,fas,Protein
Rv2526,Rv2526,Protein
Rv2527,Rv2527,Protein
mrr,mrr,Protein
Rv2530c,Rv2530c,Protein
Rv2532c,Rv2532c,Protein
nusB,nusB,Protein
efp,efp,Protein
pepQ,pepQ,Protein
Rv2536,Rv2536,Protein
aroB,aroB,Protein
aroK,aroK,Protein
aroF,aroF,Protein
Rv2541,Rv2541,Protein
lppA,lppA,Protein
lppB,lppB,Protein
Rv2545,Rv2545,Protein
Rv2546,Rv2546,Protein
Rv2547,Rv2547,Protein
Rv2548,Rv2548,Protein
Rv2549c,Rv2549c,Protein
Rv2550c,Rv2550c,Protein
aroE,aroE,Protein
Rv2554c,Rv2554c,Protein
Rv2557,Rv2557,Protein
Rv2560,Rv2560,Protein
Rv2561,Rv2561,Protein
Rv2563,Rv2563,Protein
glnQ,glnQ,Protein
Rv2566,Rv2566,Protein
Rv2568c,Rv2568c,Protein
Rv2569c,Rv2569c,Protein
Rv2570,Rv2570,Protein
Rv2571c,Rv2571c,Protein
aspS,aspS,Protein
Rv2573,Rv2573,Protein
Rv2574,Rv2574,Protein
Rv2577,Rv2577,Protein
Rv2578c,Rv2578c,Protein
Rv2581c,Rv2581c,Protein
ppiB,ppiB,Protein
apt,apt,Protein
Rv2585c,Rv2585c,Protein
secF,secF,Protein
gabT,gabT,Protein
PE_PGRS44,PE_PGRS44,Protein
ruvA,ruvA,Protein
ruvC,ruvC,Protein
Rv2595,Rv2595,Protein
Rv2596,Rv2596,Protein
Rv2598,Rv2598,Protein
Rv2599,Rv2599,Protein
Rv2600,Rv2600,Protein
Rv2601A,Rv2601A,Protein
Rv2602,Rv2602,Protein
Rv2603c,Rv2603c,Protein
Rv2604c,Rv2604c,Protein
tesB2,tesB2,Protein
Rv2606c,Rv2606c,Protein
pdxH,pdxH,Protein
Rv2609c,Rv2609c,Protein
pimA,pimA,Protein
Rv2611c,Rv2611c,Protein
Rv2613c,Rv2613c,Protein
Rv2614A,Rv2614A,Protein
thrS,thrS,Protein
PE_PGRS45,PE_PGRS45,Protein
Rv2616,Rv2616,Protein
Rv2617c,Rv2617c,Protein
Rv2618,Rv2618,Protein
Rv2621c,Rv2621c,Protein
Rv2622,Rv2622,Protein
Rv2626c,Rv2626c,Protein
Rv2628,Rv2628,Protein
Rv2629,Rv2629,Protein
Rv2630,Rv2630,Protein
Rv2631,Rv2631,Protein
Rv2633c,Rv2633c,Protein
PE_PGRS46,PE_PGRS46,Protein
Rv2635,Rv2635,Protein
Rv2636,Rv2636,Protein
dedA,dedA,Protein
Rv2638,Rv2638,Protein
cadI,cadI,Protein
Rv2644c,Rv2644c,Protein
Rv2645,Rv2645,Protein
Rv2650c,Rv2650c,Protein
Rv2651c,Rv2651c,Protein
Rv2653c,Rv2653c,Protein
Rv2655c,Rv2655c,Protein
Rv2656c,Rv2656c,Protein
Rv2660c,Rv2660c,Protein
Rv2662,Rv2662,Protein
Rv2665,Rv2665,Protein
Rv2666,Rv2666,Protein
clpC2,clpC2,Protein
Rv2668,Rv2668,Protein
Rv2669,Rv2669,Protein
Rv2670c,Rv2670c,Protein
ribD,ribD,Protein
Rv2673,Rv2673,Protein
Rv2674,Rv2674,Protein
Rv2676c,Rv2676c,Protein
hemY,hemY,Protein
hemE,hemE,Protein
Rv2680,Rv2680,Protein
Rv2683,Rv2683,Protein
arsA,arsA,Protein
Rv2686c,Rv2686c,Protein
Rv2687c,Rv2687c,Protein
Rv2688c,Rv2688c,Protein
Rv2690c,Rv2690c,Protein
ceoB,ceoB,Protein
Rv2693c,Rv2693c,Protein
Rv2695,Rv2695,Protein
Rv2696c,Rv2696c,Protein
dut,dut,Protein
Rv2698,Rv2698,Protein
Rv2699c,Rv2699c,Protein
Rv2700,Rv2700,Protein
suhB,suhB,Protein
Rv2704,Rv2704,Protein
Rv2705c,Rv2705c,Protein
Rv2708c,Rv2708c,Protein
Rv2709,Rv2709,Protein
sigB,sigB,Protein
ideR,ideR,Protein
Rv2712c,Rv2712c,Protein
Rv2714,Rv2714,Protein
Rv2715,Rv2715,Protein
Rv2716,Rv2716,Protein
Rv2717c,Rv2717c,Protein
Rv2719c,Rv2719c,Protein
lexA,lexA,Protein
Rv2722,Rv2722,Protein
Rv2723,Rv2723,Protein
hflX,hflX,Protein
dapF,dapF,Protein
Rv2728c,Rv2728c,Protein
Rv2730,Rv2730,Protein
Rv2734,Rv2734,Protein
Rv2735c,Rv2735c,Protein
recX,recX,Protein
Rv2738c,Rv2738c,Protein
Rv2739c,Rv2739c,Protein
Rv2740,Rv2740,Protein
PE_PGRS47,PE_PGRS47,Protein
Rv2742c,Rv2742c,Protein
Rv2747,Rv2747,Protein
Rv2750,Rv2750,Protein
Rv2751,Rv2751,Protein
dapA,dapA,Protein
hsdS.1,hsdS.1,Protein
hsdM,hsdM,Protein
Rv2757c,Rv2757c,Protein
Rv2758c,Rv2758c,Protein
Rv2760c,Rv2760c,Protein
hsdS,hsdS,Protein
Rv2762c,Rv2762c,Protein
dfrA,dfrA,Protein
thyA,thyA,Protein
Rv2765,Rv2765,Protein
PPE43,PPE43,Protein
PE27,PE27,Protein
Rv2772c,Rv2772c,Protein
dapB,dapB,Protein
Rv2776c,Rv2776c,Protein
ald,ald,Protein
pepR,pepR,Protein
lppU,lppU,Protein
rpsO,rpsO,Protein
Rv2787,Rv2787,Protein
sirR,sirR,Protein
Rv2791c,Rv2791c,Protein
Rv2795c,Rv2795c,Protein
Rv2797c,Rv2797c,Protein
Rv2798c,Rv2798c,Protein
Rv2804c,Rv2804c,Protein
Rv2805,Rv2805,Protein
Rv2806,Rv2806,Protein
Rv2808,Rv2808,Protein
Rv2809,Rv2809,Protein
Rv2810c,Rv2810c,Protein
Rv2812,Rv2812,Protein
Rv2813,Rv2813,Protein
Rv2816c,Rv2816c,Protein
Rv2817c,Rv2817c,Protein
Rv2819c,Rv2819c,Protein
Rv2820c,Rv2820c,Protein
Rv2821c,Rv2821c,Protein
Rv2822c,Rv2822c,Protein
Rv2825c,Rv2825c,Protein
Rv2826c,Rv2826c,Protein
Rv2828c,Rv2828c,Protein
echA16,echA16,Protein
Rv2837c,Rv2837c,Protein
rbfA,rbfA,Protein
Rv2840c,Rv2840c,Protein
nusA,nusA,Protein
Rv2842c,Rv2842c,Protein
Rv2843,Rv2843,Protein
Rv2844,Rv2844,Protein
cobB,cobB,Protein
cobO,cobO,Protein
mqo,mqo,Protein
Rv2854,Rv2854,Protein
mtr,mtr,Protein
Rv2857c,Rv2857c,Protein
aldC,aldC,Protein
Rv2859c,Rv2859c,Protein
mapB,mapB,Protein
Rv2864c,Rv2864c,Protein
Rv2865,Rv2865,Protein
Rv2866,Rv2866,Protein
Rv2867c,Rv2867c,Protein
Rv2869c,Rv2869c,Protein
Rv2871,Rv2871,Protein
Rv2872,Rv2872,Protein
mpt53,mpt53,Protein
Rv2880c,Rv2880c,Protein
cdsA,cdsA,Protein
Rv2886c,Rv2886c,Protein
tsf,tsf,Protein
rpsB,rpsB,Protein
PPE45,PPE45,Protein
xerC,xerC,Protein
viuB,viuB,Protein
rnhB,rnhB,Protein
rplS,rplS,Protein
lppW,lppW,Protein
trmD,trmD,Protein
rimM,rimM,Protein
Rv2910c,Rv2910c,Protein
pknI,pknI,Protein
Rv2915c,Rv2915c,Protein
glnB,glnB,Protein
acyP,acyP,Protein
Rv2923c,Rv2923c,Protein
rncS,rncS,Protein
Rv2926c,Rv2926c,Protein
Rv2927c,Rv2927c,Protein
tesA,tesA,Protein
Rv2929,Rv2929,Protein
fadD26,fadD26,Protein
ppsD,ppsD,Protein
ppsE,ppsE,Protein
drrB,drrB,Protein
drrC,drrC,Protein
papA5,papA5,Protein
Rv2944,Rv2944,Protein
pks1,pks1,Protein
pks15,pks15,Protein
fadD22,fadD22,Protein
Rv2952,Rv2952,Protein
Rv2953,Rv2953,Protein
Rv2954c,Rv2954c,Protein
Rv2955c,Rv2955c,Protein
Rv2957,Rv2957,Protein
Rv2959c,Rv2959c,Protein
Rv2960c,Rv2960c,Protein
Rv2961,Rv2961,Protein
Rv2962c,Rv2962c,Protein
purU,purU,Protein
coaD,coaD,Protein
Rv2966c,Rv2966c,Protein
Rv2968c,Rv2968c,Protein
Rv2970A,Rv2970A,Protein
Rv2971,Rv2971,Protein
Rv2972c,Rv2972c,Protein
ung,ung,Protein
thiL,thiL,Protein
ddl,ddl,Protein
hupB,hupB,Protein
leuD,leuD,Protein
Rv2989,Rv2989,Protein
Rv2990c,Rv2990c,Protein
gltX,gltX,Protein
Rv2993c,Rv2993c,Protein
Rv2994,Rv2994,Protein
leuB,leuB,Protein
serA1,serA1,Protein
Rv2997,Rv2997,Protein
Rv2998A,Rv2998A,Protein
Rv3000,Rv3000,Protein
ilvN,ilvN,Protein
cfp6,cfp6,Protein
Rv3007c,Rv3007c,Protein
Rv3008,Rv3008,Protein
ligA,ligA,Protein
Rv3015c,Rv3015c,Protein
lpqA,lpqA,Protein
esxQ,esxQ,Protein
esxR,esxR,Protein
PPE48,PPE48,Protein
trmU,trmU,Protein
iscS,iscS,Protein
fixA,fixA,Protein
Rv3034c,Rv3034c,Protein
TB22.2,TB22.2,Protein
Rv3041c,Rv3041c,Protein
fecB,fecB,Protein
Rv3046c,Rv3046c,Protein
Rv3047c,Rv3047c,Protein
Rv3049c,Rv3049c,Protein
nrdI,nrdI,Protein
Rv3054c,Rv3054c,Protein
Rv3057c,Rv3057c,Protein
Rv3058c,Rv3058c,Protein
Rv3060c,Rv3060c,Protein
Rv3067,Rv3067,Protein
Rv3071,Rv3071,Protein
Rv3072c,Rv3072c,Protein
Rv3073c,Rv3073c,Protein
Rv3075c,Rv3075c,Protein
Rv3076,Rv3076,Protein
pknK,pknK,Protein
Rv3081,Rv3081,Protein
Rv3083,Rv3083,Protein
Rv3085,Rv3085,Protein
Rv3094c,Rv3094c,Protein
Rv3096,Rv3096,Protein
PE_PGRS63,PE_PGRS63,Protein
Rv3098c,Rv3098c,Protein
Rv3099c,Rv3099c,Protein
prfB,prfB,Protein
fprA,fprA,Protein
agpS,agpS,Protein
Rv3108,Rv3108,Protein
moaA1,moaA1,Protein
moaD1,moaD1,Protein
Rv3114,Rv3114,Protein
cysA3,cysA3,Protein
moaE1,moaE1,Protein
Rv3120,Rv3120,Protein
Rv3122,Rv3122,Protein
Rv3123,Rv3123,Protein
Rv3124,Rv3124,Protein
PPE49,PPE49,Protein
Rv3126c,Rv3126c,Protein
Rv3131,Rv3131,Protein
Rv3134c,Rv3134c,Protein
PPE50,PPE50,Protein
PPE51,PPE51,Protein
Rv3137,Rv3137,Protein
fadE23,fadE23,Protein
fadB4,fadB4,Protein
Rv3143,Rv3143,Protein
nuoA,nuoA,Protein
nuoC,nuoC,Protein
nuoD,nuoD,Protein
nuoF,nuoF,Protein
nuoI,nuoI,Protein
nuoJ,nuoJ,Protein
nuoM,nuoM,Protein
Rv3165c,Rv3165c,Protein
Rv3169,Rv3169,Protein
Rv3172c,Rv3172c,Protein
Rv3174,Rv3174,Protein
Rv3175,Rv3175,Protein
mesT,mesT,Protein
Rv3179,Rv3179,Protein
Rv3180c,Rv3180c,Protein
Rv3190c,Rv3190c,Protein
Rv3192,Rv3192,Protein
Rv3196,Rv3196,Protein
whiB7,whiB7,Protein
Rv3198A,Rv3198A,Protein
uvrD2,uvrD2,Protein
Rv3202c,Rv3202c,Protein
lipV,lipV,Protein
Rv3204,Rv3204,Protein
Rv3207c,Rv3207c,Protein
Rv3209,Rv3209,Protein
Rv3213c,Rv3213c,Protein
gpm2,gpm2,Protein
entC,entC,Protein
Rv3216,Rv3216,Protein
TB7.3,TB7.3,Protein
sigH,sigH,Protein
Rv3224A,Rv3224A,Protein
Rv3224,Rv3224,Protein
Rv3226c,Rv3226c,Protein
aroA,aroA,Protein
Rv3228,Rv3228,Protein
Rv3229c,Rv3229c,Protein
Rv3230c,Rv3230c,Protein
Rv3233c,Rv3233c,Protein
Rv3235,Rv3235,Protein
Rv3237c,Rv3237c,Protein
Rv3241c,Rv3241c,Protein
Rv3243c,Rv3243c,Protein
mtrB,mtrB,Protein
rubA,rubA,Protein
Rv3258c,Rv3258c,Protein
whiB2,whiB2,Protein
fbiA,fbiA,Protein
wbbL1,wbbL1,Protein
rmlD,rmlD,Protein
fadE25,fadE25,Protein
purE,purE,Protein
birA,birA,Protein
accD5,accD5,Protein
Rv3281,Rv3281,Protein
maf,maf,Protein
sseA,sseA,Protein
accA3,accA3,Protein
sigF,sigF,Protein
rsbW,rsbW,Protein
usfY,usfY,Protein
Rv3289c,Rv3289c,Protein
lat,lat,Protein
Rv3291c,Rv3291c,Protein
Rv3292,Rv3292,Protein
nei,nei,Protein
Rv3300c,Rv3300c,Protein
lpdA,lpdA,Protein
Rv3304,Rv3304,Protein
amiB1,amiB1,Protein
deoD,deoD,Protein
Rv3311,Rv3311,Protein
Rv3312c,Rv3312c,Protein
sdhB,sdhB,Protein
Rv3320c,Rv3320c,Protein
Rv3321c,Rv3321c,Protein
moaX,moaX,Protein
Rv3327,Rv3327,Protein
nagA,nagA,Protein
Rv3333c,Rv3333c,Protein
Rv3334,Rv3334,Protein
trpS,trpS,Protein
Rv3337,Rv3337,Protein
Rv3338,Rv3338,Protein
icd1,icd1,Protein
metC,metC,Protein
PPE54,PPE54,Protein
PPE55,PPE55,Protein
Rv3351c,Rv3351c,Protein
Rv3352c,Rv3352c,Protein
Rv3353c,Rv3353c,Protein
Rv3354,Rv3354,Protein
folD,folD,Protein
Rv3357,Rv3357,Protein
Rv3362c,Rv3362c,Protein
spoU,spoU,Protein
PE_PGRS51,PE_PGRS51,Protein
Rv3368c,Rv3368c,Protein
dnaE2,dnaE2,Protein
Rv3371,Rv3371,Protein
echA18,echA18,Protein
Rv3385c,Rv3385c,Protein
Rv3386,Rv3386,Protein
Rv3387,Rv3387,Protein
lpqD,lpqD,Protein
cmaA1,cmaA1,Protein
Rv3395c,Rv3395c,Protein
idsA1,idsA1,Protein
Rv3406,Rv3406,Protein
Rv3407,Rv3407,Protein
Rv3408,Rv3408,Protein
Rv3412,Rv3412,Protein
sigD,sigD,Protein
whiB3,whiB3,Protein
Rv3422c,Rv3422c,Protein
PPE57,PPE57,Protein
PPE58,PPE58,Protein
PPE59,PPE59,Protein
Rv3430c,Rv3430c,Protein
Rv3431c,Rv3431c,Protein
glmS,glmS,Protein
Rv3438,Rv3438,Protein
Rv3439c,Rv3439c,Protein
Rv3440c,Rv3440c,Protein
mrsA,mrsA,Protein
esxT,esxT,Protein
esxU,esxU,Protein
cut3,cut3,Protein
Rv3453,Rv3453,Protein
truA,truA,Protein
rpsM,rpsM,Protein
rpmJ,rpmJ,Protein
infA,infA,Protein
Rv3463,Rv3463,Protein
rmlB,rmlB,Protein
rmlC,rmlC,Protein
Rv3466,Rv3466,Protein
mhpE,mhpE,Protein
Rv3471c,Rv3471c,Protein
Rv3472,Rv3472,Protein
Rv3474,Rv3474,Protein
Rv3475,Rv3475,Protein
PE31,PE31,Protein
PPE60,PPE60,Protein
Rv3479,Rv3479,Protein
Rv3481c,Rv3481c,Protein
Rv3489,Rv3489,Protein
Rv3491,Rv3491,Protein
mce4A,mce4A,Protein
fadE26,fadE26,Protein
PE_PGRS55,PE_PGRS55,Protein
fadD18,fadD18,Protein
echA19,echA19,Protein
Rv3517,Rv3517,Protein
Rv3520c,Rv3520c,Protein
Rv3528c,Rv3528c,Protein
PPE61,PPE61,Protein
ltp2,ltp2,Protein
fadE28,fadE28,Protein
echA20,echA20,Protein
fdxB,fdxB,Protein
Rv3555c,Rv3555c,Protein
fadE30,fadE30,Protein
fadD3,fadD3,Protein
nat,nat,Protein
bphC,bphC,Protein
Rv3570c,Rv3570c,Protein
fadE34,fadE34,Protein
lppH,lppH,Protein
arsB2,arsB2,Protein
Rv3579c,Rv3579c,Protein
Rv3583c,Rv3583c,Protein
radA,radA,Protein
Rv3587c,Rv3587c,Protein
mutY,mutY,Protein
PE_PGRS58,PE_PGRS58,Protein
TB11.2,TB11.2,Protein
PE_PGRS59,PE_PGRS59,Protein
Rv3599c,Rv3599c,Protein
Rv3600c,Rv3600c,Protein
Rv3605c,Rv3605c,Protein
Rv3614c,Rv3614c,Protein
Rv3615c,Rv3615c,Protein
Rv3616c,Rv3616c,Protein
esxV,esxV,Protein
esxW,esxW,Protein
PPE65,PPE65,Protein
lpqG,lpqG,Protein
hpt,hpt,Protein
Rv3627c,Rv3627c,Protein
ppa,ppa,Protein
Rv3629c,Rv3629c,Protein
galE1,galE1,Protein
Rv3637,Rv3637,Protein
Rv3639c,Rv3639c,Protein
Rv3640c,Rv3640c,Protein
fic,fic,Protein
topA,topA,Protein
PE_PGRS60,PE_PGRS60,Protein
Rv3654c,Rv3654c,Protein
Rv3658c,Rv3658c,Protein
Rv3659c,Rv3659c,Protein
Rv3660c,Rv3660c,Protein
Rv3661,Rv3661,Protein
Rv3662c,Rv3662c,Protein
dppB,dppB,Protein
Rv3672c,Rv3672c,Protein
Rv3677c,Rv3677c,Protein
Rv3683,Rv3683,Protein
rsfB,rsfB,Protein
Rv3688c,Rv3688c,Protein
Rv3697c,Rv3697c,Protein
Rv3702c,Rv3702c,Protein
dnaQ,dnaQ,Protein
cobQ2,cobQ2,Protein
Rv3719,Rv3719,Protein
Rv3726,Rv3726,Protein
Rv3728,Rv3728,Protein
ligC,ligC,Protein
Rv3733c,Rv3733c,Protein
Rv3735,Rv3735,Protein
PPE67,PPE67,Protein
Rv3741c,Rv3741c,Protein
Rv3745c,Rv3745c,Protein
Rv3752c,Rv3752c,Protein
Rv3766,Rv3766,Protein
Rv3768,Rv3768,Protein
Rv3778c,Rv3778c,Protein
Rv3780,Rv3780,Protein
embA,embA,Protein
fadD32,fadD32,Protein
Rv3807c,Rv3807c,Protein
Rv3813c,Rv3813c,Protein
Rv3833,Rv3833,Protein
Rv3836,Rv3836,Protein
Rv3837c,Rv3837c,Protein
Rv3844,Rv3844,Protein
sodA,sodA,Protein
Rv3849,Rv3849,Protein
menG,menG,Protein
esxB,esxB,Protein
esxA,esxA,Protein
Rv3878,Rv3878,Protein
Rv3889c,Rv3889c,Protein
esxC,esxC,Protein
esxE,esxE,Protein
Rv2522c,Rv2522c,Protein
glpQ1,glpQ1,Protein
Rv3142c,Rv3142c,Protein
tmk,tmk,Protein
Rv3817,Rv3817,Protein
Rv2654c,Rv2654c,Protein
ffh,ffh,Protein
parB,parB,Protein
Rv3748,Rv3748,Protein
mapA,mapA,Protein
Rv2646,Rv2646,Protein
Rv3845,Rv3845,Protein
rhlE,rhlE,Protein
Rv3881c,Rv3881c,Protein
Rv1301,Rv1301,Protein
Rv2943,Rv2943,Protein
Rv3263,Rv3263,Protein
glf,glf,Protein
papA1,papA1,Protein
Rv3880c,Rv3880c,Protein
Rv2067c,Rv2067c,Protein
ispD,ispD,Protein
Rv2175c,Rv2175c,Protein
Rv3698,Rv3698,Protein
Rv3066,Rv3066,Protein
cobG,cobG,Protein
Rv3788,Rv3788,Protein
PE35,PE35,Protein
Rv0894,Rv0894,Protein
Rv3529c,Rv3529c,Protein
Rv3222c,Rv3222c,Protein
Rv3234c,Rv3234c,Protein
Rv3467,Rv3467,Protein
Rv3530c,Rv3530c,Protein
Rv3753c,Rv3753c,Protein
Rv3031,Rv3031,Protein
Rv2759c,Rv2759c,Protein
Rv3092c,Rv3092c,Protein
Rv3231c,Rv3231c,Protein
PPE64,PPE64,Protein
PE_PGRS62,PE_PGRS62,Protein
PPE12,PPE12,Protein
Rv1188,Rv1188,Protein
embC,embC,Protein
Rv3906c,Rv3906c,Protein
Rv3866,Rv3866,Protein
nuoE,nuoE,Protein
mesJ,mesJ,Protein
Rv3827c,Rv3827c,Protein
Rv3363c,Rv3363c,Protein
Rv1762c,Rv1762c,Protein
Rv0580c,Rv0580c,Protein
Rv2794c,Rv2794c,Protein
Rv3177,Rv3177,Protein
Rv2390c,Rv2390c,Protein
mpt83,mpt83,Protein
Rv3717,Rv3717,Protein
yrbE4B,yrbE4B,Protein
iunH,iunH,Protein
Rv2263,Rv2263,Protein
Rv3871,Rv3871,Protein
PE34,PE34,Protein
Rv3750c,Rv3750c,Protein
Rv3840,Rv3840,Protein
Rv3636,Rv3636,Protein
Rv3705c,Rv3705c,Protein
Rv3773c,Rv3773c,Protein
echA18.1,echA18.1,Protein
Rv3694c,Rv3694c,Protein
Rv1667c,Rv1667c,Protein
Rv1043c,Rv1043c,Protein
Rv1973,Rv1973,Protein
deoA,deoA,Protein
Rv3572,Rv3572,Protein
trxC,trxC,Protein
Rv3630,Rv3630,Protein
Rv2737A,Rv2737A,Protein
mycP1,mycP1,Protein
Rv2125,Rv2125,Protein
bcp,bcp,Protein
Rv2775,Rv2775,Protein
Rv0927c,Rv0927c,Protein
Rv1358,Rv1358,Protein
cut4,cut4,Protein
rubB,rubB,Protein
Rv2885c,Rv2885c,Protein
Rv3195,Rv3195,Protein
Rv3129,Rv3129,Protein
Rv3342,Rv3342,Protein
PPE56,PPE56,Protein
Rv3488,Rv3488,Protein
Rv3747,Rv3747,Protein
ethR,ethR,Protein
esxD,esxD,Protein
Rv2489c,Rv2489c,Protein
Rv3294c,Rv3294c,Protein
gltD,gltD,Protein
Rv2073c,Rv2073c,Protein
echA21,echA21,Protein
Rv3902c,Rv3902c,Protein
ceoC,ceoC,Protein
tig,tig,Protein
amiA1,amiA1,Protein
Rv0300,Rv0300,Protein
otsA,otsA,Protein
pcd,pcd,Protein
rplM,rplM,Protein
Rv3272,Rv3272,Protein
prcB,prcB,Protein
Rv2337c,Rv2337c,Protein
recR,recR,Protein
fadD13,fadD13,Protein
Rv3182,Rv3182,Protein
Rv3700c,Rv3700c,Protein
Rv2640c,Rv2640c,Protein
mmaA4,mmaA4,Protein
accD3,accD3,Protein
Rv2943A,Rv2943A,Protein
Rv3113,Rv3113,Protein
Rv2774c,Rv2774c,Protein
Rv3483c,Rv3483c,Protein
Rv2647,Rv2647,Protein
Rv3566A,Rv3566A,Protein
folB,folB,Protein
Rv2661c,Rv2661c,Protein
Rv3468c,Rv3468c,Protein
Rv3359,Rv3359,Protein
cysS,cysS,Protein
proW,proW,Protein
accD4,accD4,Protein
panC,panC,Protein
Rv3847,Rv3847,Protein
Rv3920c,Rv3920c,Protein
Rv3521,Rv3521,Protein
Rv3541c,Rv3541c,Protein
Rv1382,Rv1382,Protein
Rv3166c,Rv3166c,Protein
Rv3346c,Rv3346c,Protein
leuA,leuA,Protein
Rv3322c,Rv3322c,Protein
Rv3860,Rv3860,Protein
Rv2658c,Rv2658c,Protein
Rv2718c,Rv2718c,Protein
Rv2143,Rv2143,Protein
whiB4,whiB4,Protein
Rv3857c,Rv3857c,Protein
Rv3882c,Rv3882c,Protein
rpoA,rpoA,Protein
rpsI,rpsI,Protein
manA,manA,Protein
Rv2272,Rv2272,Protein
Rv3434c,Rv3434c,Protein
Rv3716c,Rv3716c,Protein
aroD,aroD,Protein
Rv1487,Rv1487,Protein
dppC,dppC,Protein
Rv3026c,Rv3026c,Protein
Rv3691,Rv3691,Protein
Rv3900c,Rv3900c,Protein
Rv2304c,Rv2304c,Protein
uvrC,uvrC,Protein
Rv3876,Rv3876,Protein
Rv3643,Rv3643,Protein
Rv2190c,Rv2190c,Protein
Rv3638,Rv3638,Protein
Rv1817,Rv1817,Protein
Rv2908c,Rv2908c,Protein
Rv2597,Rv2597,Protein
Rv3675,Rv3675,Protein
cut2,cut2,Protein
Rv3814c,Rv3814c,Protein
Rv1212c,Rv1212c,Protein
Rv3335c,Rv3335c,Protein
Rv3088,Rv3088,Protein
Rv3633,Rv3633,Protein
Rv1913,Rv1913,Protein
Rv3510c,Rv3510c,Protein
ribF,ribF,Protein
bpoA,bpoA,Protein
Rv3486,Rv3486,Protein
Rv3221A,Rv3221A,Protein
Rv2510c,Rv2510c,Protein
Rv2851c,Rv2851c,Protein
Rv2863,Rv2863,Protein
Rv3399,Rv3399,Protein
pdhC,pdhC,Protein
cfp2,cfp2,Protein
fbpD,fbpD,Protein
purL,purL,Protein
PE20,PE20,Protein
PE_PGRS40,PE_PGRS40,Protein
Rv2706c,Rv2706c,Protein
Rv3482c,Rv3482c,Protein
PPE68,PPE68,Protein
Rv2694c,Rv2694c,Protein
Rv3312A,Rv3312A,Protein
PE29,PE29,Protein
Rv3033,Rv3033,Protein
devS,devS,Protein
lpqH,lpqH,Protein
speE,speE,Protein
cspA,cspA,Protein
parA,parA,Protein
whiB6,whiB6,Protein
Rv3253c,Rv3253c,Protein
gcp,gcp,Protein
Rv3527,Rv3527,Protein
Rv3742c,Rv3742c,Protein
cyp141,cyp141,Protein
Rv1615,Rv1615,Protein
ask,ask,Protein
35kd_ag,35kd_ag,Protein
Rv3770B,Rv3770B,Protein
nth,nth,Protein
Rv3782,Rv3782,Protein
polA,polA,Protein
ftsH,ftsH,Protein
gid,gid,Protein
Rv2551c,Rv2551c,Protein
PE32,PE32,Protein
Rv3032,Rv3032,Protein
Rv2117,Rv2117,Protein
ltp3,ltp3,Protein
Rv3861,Rv3861,Protein
fpg,fpg,Protein
fadD9,fadD9,Protein
Rv3526,Rv3526,Protein
Rv2729c,Rv2729c,Protein
ugpA,ugpA,Protein
Rv3389c,Rv3389c,Protein
rpsD,rpsD,Protein
Rv1422,Rv1422,Protein
Rv3242c,Rv3242c,Protein
mmpL13a,mmpL13a,Protein
Rv2183c,Rv2183c,Protein
Rv3485c,Rv3485c,Protein
pheA,pheA,Protein
Rv2672,Rv2672,Protein
Rv1771,Rv1771,Protein
Rv3765c,Rv3765c,Protein
Rv2306B,Rv2306B,Protein
Rv3369,Rv3369,Protein
amiD,amiD,Protein
rph,rph,Protein
Rv3269,Rv3269,Protein
Rv3278c,Rv3278c,Protein
hisI,hisI,Protein
Rv1728c,Rv1728c,Protein
Rv3806c,Rv3806c,Protein
Rv0743c,Rv0743c,Protein
Rv3271c,Rv3271c,Protein
Rv3091,Rv3091,Protein
PPE69,PPE69,Protein
Rv2619c,Rv2619c,Protein
Rv2801c,Rv2801c,Protein
Rv3725,Rv3725,Protein
papA2,papA2,Protein
rnpA,rnpA,Protein
amiC,amiC,Protein
Rv3551,Rv3551,Protein
Rv3703c,Rv3703c,Protein
Rv2525c,Rv2525c,Protein
Rv3693,Rv3693,Protein
fadA6,fadA6,Protein
PE33,PE33,Protein
Rv3815c,Rv3815c,Protein
Rv3421c,Rv3421c,Protein
Rv3525c,Rv3525c,Protein
Rv3577,Rv3577,Protein
gshA,gshA,Protein
acpS,acpS,Protein
Rv3604c,Rv3604c,Protein
Rv2326c,Rv2326c,Protein
Rv2271,Rv2271,Protein
uppP,uppP,Protein
glpK,glpK,Protein
fadE35,fadE35,Protein
oppD,oppD,Protein
Rv1675c,Rv1675c,Protein
serB2,serB2,Protein
PE_PGRS57,PE_PGRS57,Protein
Rv3552,Rv3552,Protein
Rv3787c,Rv3787c,Protein
Rv3690,Rv3690,Protein
Rv3644c,Rv3644c,Protein
Rv3790,Rv3790,Protein
rplQ,rplQ,Protein
Rv3868,Rv3868,Protein
Rv1535,Rv1535,Protein
ppnK,ppnK,Protein
lprM,lprM,Protein
Rv2146c,Rv2146c,Protein
Rv2333c,Rv2333c,Protein
Rv2898c,Rv2898c,Protein
panD,panD,Protein
Rv3764c,Rv3764c,Protein
ugpE,ugpE,Protein
alkB,alkB,Protein
Rv3915,Rv3915,Protein
Rv2144c,Rv2144c,Protein
Rv2197c,Rv2197c,Protein
lipR,lipR,Protein
yajC,yajC,Protein
Rv1045,Rv1045,Protein
Rv1874,Rv1874,Protein
Rv2969c,Rv2969c,Protein
Rv2781c,Rv2781c,Protein
Rv1700,Rv1700,Protein
cysG,cysG,Protein
Rv3035,Rv3035,Protein
nuoN,nuoN,Protein
Rv2830c,Rv2830c,Protein
Rv3377c,Rv3377c,Protein
Rv3603c,Rv3603c,Protein
gatC,gatC,Protein
choD,choD,Protein
Rv3767c,Rv3767c,Protein
Rv3777,Rv3777,Protein
Rv3295,Rv3295,Protein
add,add,Protein
Rv3736,Rv3736,Protein
Rv3819,Rv3819,Protein
Rv3686c,Rv3686c,Protein
Rv3210c,Rv3210c,Protein
phoY1,phoY1,Protein
Rv3850,Rv3850,Protein
Rv2576c,Rv2576c,Protein
ltp1,ltp1,Protein
sseC1,sseC1,Protein
fadA4,fadA4,Protein
Rv3400,Rv3400,Protein
rfbD,rfbD,Protein
Rv2802c,Rv2802c,Protein
Rv1703c,Rv1703c,Protein
pmmB,pmmB,Protein
manB,manB,Protein
Rv3519,Rv3519,Protein
Rv3364c,Rv3364c,Protein
Rv3632,Rv3632,Protein
hab,hab,Protein
Rv2991,Rv2991,Protein
Rv2897c,Rv2897c,Protein
esxF,esxF,Protein
pvdS,pvdS,Protein
Rv2034,Rv2034,Protein
Rv3594,Rv3594,Protein
Rv3821,Rv3821,Protein
Rv2401A,Rv2401A,Protein
Rv3224B,Rv3224B,Protein
Rv1489,Rv1489,Protein
hisG,hisG,Protein
lppX,lppX,Protein
Rv2743c,Rv2743c,Protein
Rv1701,Rv1701,Protein
PPE31,PPE31,Protein
Rv2059,Rv2059,Protein
mmpS3,mmpS3,Protein
ccrB,ccrB,Protein
Rv3115,Rv3115,Protein
Rv3673c,Rv3673c,Protein
Rv3712,Rv3712,Protein
Rv3749c,Rv3749c,Protein
Rv3835,Rv3835,Protein
Rv3534c,Rv3534c,Protein
Rv1434,Rv1434,Protein
impA,impA,Protein
PE27A,PE27A,Protein
Rv3549c,Rv3549c,Protein
Rv1645c,Rv1645c,Protein
ephE,ephE,Protein
thrC,thrC,Protein
Rv3277,Rv3277,Protein
Rv2893,Rv2893,Protein
PE_PGRS61,PE_PGRS61,Protein
serS,serS,Protein
yrbE4A,yrbE4A,Protein
Rv3384c,Rv3384c,Protein
Rv3760,Rv3760,Protein
glpD2,glpD2,Protein
lipU,lipU,Protein
Rv3536c,Rv3536c,Protein
Rv3870,Rv3870,Protein
fadE27,fadE27,Protein
Rv3718c,Rv3718c,Protein
Rv3789,Rv3789,Protein
Rv3829c,Rv3829c,Protein
Rv2558,Rv2558,Protein
Rv3884c,Rv3884c,Protein
Rv1685c,Rv1685c,Protein
Rv3888c,Rv3888c,Protein
Rv1893,Rv1893,Protein
fadE22,fadE22,Protein
Rv3908,Rv3908,Protein
Rv2180c,Rv2180c,Protein
Rv3655c,Rv3655c,Protein
Rv1948c,Rv1948c,Protein
Rv3848,Rv3848,Protein
Rv3912,Rv3912,Protein
Rv3103c,Rv3103c,Protein
moaB1,moaB1,Protein
Rv3415c,Rv3415c,Protein
glnD,glnD,Protein
Rv3832c,Rv3832c,Protein
mpt70,mpt70,Protein
Rv3647c,Rv3647c,Protein
Rv2265,Rv2265,Protein
Rv3869,Rv3869,Protein
Rv2624c,Rv2624c,Protein
Rv3796,Rv3796,Protein
Rv3183,Rv3183,Protein
hisC2,hisC2,Protein
asd,asd,Protein
ilvB1,ilvB1,Protein
Rv3649,Rv3649,Protein
cut5b,cut5b,Protein
dxr,dxr,Protein
lipN,lipN,Protein
mtrA,mtrA,Protein
Rv3358,Rv3358,Protein
Rv3642c,Rv3642c,Protein
Rv3005c,Rv3005c,Protein
Rv2818c,Rv2818c,Protein
Rv3699,Rv3699,Protein
ilvX,ilvX,Protein
Rv3669,Rv3669,Protein
Rv3901c,Rv3901c,Protein
Rv3050c,Rv3050c,Protein
Rv1582c,Rv1582c,Protein
whiB1,whiB1,Protein
fabG1,fabG1,Protein
Rv3831,Rv3831,Protein
Rv1747,Rv1747,Protein
Rv3181c,Rv3181c,Protein
Rv3567c,Rv3567c,Protein
Rv1567c,Rv1567c,Protein
Rv3030,Rv3030,Protein
mpt64,mpt64,Protein
pgmA,pgmA,Protein
Rv2639c,Rv2639c,Protein
lytB1,lytB1,Protein
lysS,lysS,Protein
mbtD,mbtD,Protein
Rv1888A,Rv1888A,Protein
pncA,pncA,Protein
Rv2515c,Rv2515c,Protein
Rv3856c,Rv3856c,Protein
Rv3770A,Rv3770A,Protein
PPE44,PPE44,Protein
echA15,echA15,Protein
Rv3254,Rv3254,Protein
Rv3689,Rv3689,Protein
fadD23,fadD23,Protein
Rv1846c,Rv1846c,Protein
Rv3678c,Rv3678c,Protein
Rv3791,Rv3791,Protein
Rv1760,Rv1760,Protein
guaB3,guaB3,Protein
bphD,bphD,Protein
Rv2257c,Rv2257c,Protein
hemN,hemN,Protein
moxR2,moxR2,Protein
Rv1616,Rv1616,Protein
Rv3740c,Rv3740c,Protein
rpsK,rpsK,Protein
Rv3818,Rv3818,Protein
echA17,echA17,Protein
phyA,phyA,Protein
PE36,PE36,Protein
sigM,sigM,Protein
fbpA,fbpA,Protein
PPE63,PPE63,Protein
Rv3259,Rv3259,Protein
Rv2097c,Rv2097c,Protein
alr,alr,Protein
Rv3762c,Rv3762c,Protein
Rv2001,Rv2001,Protein
Rv3013,Rv3013,Protein
Rv2360c,Rv2360c,Protein
Rv2049c,Rv2049c,Protein
Rv3218,Rv3218,Protein
Rv2652c,Rv2652c,Protein
Rv3538,Rv3538,Protein
Rv2239c,Rv2239c,Protein
Rv2161c,Rv2161c,Protein
Rv3723,Rv3723,Protein
Rv3194c,Rv3194c,Protein
mce3F,mce3F,Protein
Rv3435c,Rv3435c,Protein
ppsC,ppsC,Protein
Rv3895c,Rv3895c,Protein
mycP4,mycP4,Protein
devR,devR,Protein
ppgK,ppgK,Protein
Rv2014,Rv2014,Protein
guaB2,guaB2,Protein
Rv3755c,Rv3755c,Protein
Rv3921c,Rv3921c,Protein
Rv2325c,Rv2325c,Protein
Rv2749,Rv2749,Protein
rocE,rocE,Protein
PPE47,PPE47,Protein
ctpC,ctpC,Protein
proV,proV,Protein
ppk,ppk,Protein
Rv3077,Rv3077,Protein
idsB,idsB,Protein
Rv2011c,Rv2011c,Protein
Rv3038c,Rv3038c,Protein
sthA,sthA,Protein
arsB1,arsB1,Protein
Rv3899c,Rv3899c,Protein
Rv2767c,Rv2767c,Protein
folK,folK,Protein
Rv3404c,Rv3404c,Protein
cyp142,cyp142,Protein
hns,hns,Protein
Rv3631,Rv3631,Protein
Rv3548c,Rv3548c,Protein
Rv2979c,Rv2979c,Protein
Rv3168,Rv3168,Protein
Rv2792c,Rv2792c,Protein
dctA,dctA,Protein
Rv2732c,Rv2732c,Protein
Rv3200c,Rv3200c,Protein
Rv3427c,Rv3427c,Protein
pflA,pflA,Protein
Rv2258c,Rv2258c,Protein
Rv3707c,Rv3707c,Protein
Rv3492c,Rv3492c,Protein
pfkA,pfkA,Protein
folP1,folP1,Protein
rpmH,rpmH,Protein
lsr2,lsr2,Protein
drrA,drrA,Protein
Rv3403c,Rv3403c,Protein
fadE33,fadE33,Protein
Rv2542,Rv2542,Protein
cyp137,cyp137,Protein
Rv3779,Rv3779,Protein
hpx,hpx,Protein
Rv3424c,Rv3424c,Protein
Rv2778c,Rv2778c,Protein
PPE46,PPE46,Protein
Rv3897c,Rv3897c,Protein
Rv2800,Rv2800,Protein
tyrA,tyrA,Protein
aofH,aofH,Protein
ispF,ispF,Protein
Rv2901c,Rv2901c,Protein
Rv2752c,Rv2752c,Protein
Rv3785,Rv3785,Protein
Rv3851,Rv3851,Protein
Rv3535c,Rv3535c,Protein
dhaA,dhaA,Protein
thyX,thyX,Protein
Rv3720,Rv3720,Protein
metA,metA,Protein
gatA,gatA,Protein
ctaD,ctaD,Protein
Rv3805c,Rv3805c,Protein
cut5a,cut5a,Protein
Rv3613c,Rv3613c,Protein
esxS,esxS,Protein
Rv3714c,Rv3714c,Protein
proS,proS,Protein
Rv3376,Rv3376,Protein
Rv3163c,Rv3163c,Protein
Rv3093c,Rv3093c,Protein
Rv2862c,Rv2862c,Protein
Rv3394c,Rv3394c,Protein
ephA,ephA,Protein
ethA,ethA,Protein
Rv3909,Rv3909,Protein
Rv3916c,Rv3916c,Protein
Rv3329,Rv3329,Protein
Rv3885c,Rv3885c,Protein
adhD,adhD,Protein
Rv3559c,Rv3559c,Protein
moeB1,moeB1,Protein
rfbE,rfbE,Protein
Rv3811,Rv3811,Protein
Rv3236c,Rv3236c,Protein
Rv3734c,Rv3734c,Protein
Rv3798,Rv3798,Protein
Rv3732,Rv3732,Protein
rimI,rimI,Protein
Rv3162c,Rv3162c,Protein
nuoB,nuoB,Protein
trxB2,trxB2,Protein
lipF,lipF,Protein
upp,upp,Protein
Rv3360,Rv3360,Protein
Rv3542c,Rv3542c,Protein
Rv3679,Rv3679,Protein
folE,folE,Protein
Rv3268,Rv3268,Protein
Rv3678A,Rv3678A,Protein
Rv3898c,Rv3898c,Protein
Rv3684,Rv3684,Protein
Rv3922c,Rv3922c,Protein
Rv3771c,Rv3771c,Protein
Rv3816c,Rv3816c,Protein
Rv3680,Rv3680,Protein
Rv3769,Rv3769,Protein
Rv3822,Rv3822,Protein
Rv3786c,Rv3786c,Protein
Rv0195,Rv0195,Protein
Rv0023,Rv0023,Protein
blaI,blaI,Protein
Rv2827c,Rv2827c,Protein
Rv2745c,Rv2745c,Protein
Rv3249c,Rv3249c,Protein
Rv1985c,Rv1985c,Protein
Rv3095,Rv3095,Protein
kmtR,kmtR,Protein
Rv3575c,Rv3575c,Protein
Rv0472c,Rv0472c,Protein
vapB15,vapB15,Protein
nadR,nadR,Protein
Rv2779c,Rv2779c,Protein
clgR,clgR,Protein
Rv3055,Rv3055,Protein
Rv3405c,Rv3405c,Protein
ltp4,ltp4,Protein
Rv1816,Rv1816,Protein
Rv0196,Rv0196,Protein
Rv0678,Rv0678,Protein
csoR,csoR,Protein
Rv1534,Rv1534,Protein
Rv1049,Rv1049,Protein
Rv1453,Rv1453,Protein
Rv0339c,Rv0339c,Protein
sigC,sigC,Protein
tcrX,tcrX,Protein
Rv3744,Rv3744,Protein
Rv0552,Rv0552,Protein
Rv0238,Rv0238,Protein
Rv3557c,Rv3557c,Protein
Rv0792c,Rv0792c,Protein
Rv1776c,Rv1776c,Protein
cmtR,cmtR,Protein
sigJ,sigJ,Protein
groEL1,groEL1,Protein
Rv0078,Rv0078,Protein
higA,higA,Protein
crp,crp,Protein
Rv0827c,Rv0827c,Protein
Rv0135c,Rv0135c,Protein
Rv0328,Rv0328,Protein
kstR,kstR,Protein
Rv1152,Rv1152,Protein
Rv1395,Rv1395,Protein
Rv0275c,Rv0275c,Protein
Rv0348,Rv0348,Protein
fhaA,fhaA,Protein
Rv1186c,Rv1186c,Protein
vapB30,vapB30,Protein
Protein2,Protein2,Protein
Rv1990c,Rv1990c,Protein
vapB40,vapB40,Protein
moaR1,moaR1,Protein
Rv3167c,Rv3167c,Protein
Protein1,Protein1,Protein
Rv1460,Rv1460,Protein
Rv0043c,Rv0043c,Protein
Rv3160c,Rv3160c,Protein
cmr,cmr,Protein
virS,virS,Protein
Rv0767c,Rv0767c,Protein
Rv2488c,Rv2488c,Protein
Rv1176c,Rv1176c,Protein
Rv2912c,Rv2912c,Protein
Rv3830c,Rv3830c,Protein
vapB42,vapB42,Protein
Rv1994c,Rv1994c,Protein
Rv0260c,Rv0260c,Protein
Rv3574,Rv3574,Protein
zur,zur,Protein
Rv0823c,Rv0823c,Protein
Rv2358,Rv2358,Protein
Rv3173c,Rv3173c,Protein
trcR,trcR,Protein
tcrA,tcrA,Protein
lrpA,lrpA,Protein
Rv2642,Rv2642,Protein
Rv1828,Rv1828,Protein
Rv0232,Rv0232,Protein
espR,espR,Protein
moxR3,moxR3,Protein
Rv3208,Rv3208,Protein
nmtR,nmtR,Protein
sigA,sigA,Protein
Rv3676,Rv3676,Protein
Rv0452,Rv0452,Protein
Rv2887,Rv2887,Protein
furB,furB,Protein
Rv2021c,Rv2021c,Protein
Rv1719,Rv1719,Protein
