gene,avg_log2FC,p_val,regulate,label
Rv3136,-5.566518402,3.29E-10,Down,Rv3136
Rv1196,-3.041574854,3.52E-09,Down,
Rv3136A,-3.842497394,6.99E-09,Down,Rv3136A
Rv0667,-2.703878718,7.47E-09,Down,
Rv2986c,-3.170995899,8.19E-09,Down,
Rv0288,-3.039022672,9.57E-09,Down,
Rv3137,-3.327407755,1.06E-08,Down,Rv3137
Rv2380c,-2.707916742,1.13E-08,Down,
Rv0685,-2.590834938,1.14E-08,Down,
Rv1197,-2.848187821,1.18E-08,Down,
Rv0284,-2.286470252,1.38E-08,Down,
Rv0710,-2.972871688,1.55E-08,Down,
Rv0286,-2.425127105,1.73E-08,Down,
Rv2935,-2.254195084,1.73E-08,Down,
Rv3921c,-2.351332396,1.93E-08,Down,
Rv0704,-2.700701761,1.97E-08,Down,
Rv0706,-2.231522204,2.37E-08,Down,
Rv0705,-2.392977626,2.81E-08,Down,
Rv2951c,-2.672934955,2.87E-08,Down,
Rv0668,-2.054162915,2.71E-08,Down,
Rv3426,-2.944487083,3.08E-08,Down,
Rv2950c,-2.598260222,2.95E-08,Down,
Rv0934,-2.450619882,3.95E-08,Down,
Rv0707,-2.357275567,3.96E-08,Down,
Rv0718,-2.552374836,4.07E-08,Down,
Rv1697,-2.315214174,4.13E-08,Down,
Rv0220,-2.076158948,4.15E-08,Down,
Rv2048c,-1.995890724,4.14E-08,Down,
Rv0174,-2.072128267,4.28E-08,Down,
Rv2936,-2.508619171,4.61E-08,Down,
Rv2378c,-2.76443087,5.21E-08,Down,
Rv0709,-2.443780202,5.43E-08,Down,
Rv2946c,-2.406218191,5.60E-08,Down,
Rv1547,-1.878886235,5.90E-08,Down,
Rv1613,-2.37552405,6.60E-08,Down,
Rv0684,-1.941386353,6.30E-08,Down,
Rv3648c,-2.746763901,6.48E-08,Down,
Rv0935,-2.058380513,7.17E-08,Down,
Rv0287,-3.322479829,7.26E-08,Down,Rv0287
Rv1387,-2.269388298,6.84E-08,Down,
Rv0708,-2.463626499,7.31E-08,Down,
Rv1436,-2.027468953,7.19E-08,Down,
Rv3456c,-1.849791989,7.83E-08,Down,
Rv1614,-2.309645361,8.84E-08,Down,
Rv1129c,-2.012979415,8.99E-08,Down,
Rv1368,-2.080721288,1.01E-07,Down,
Rv0172,-2.012292747,9.89E-08,Down,
Rv3774,-2.485708971,1.01E-07,Down,
Rv2937,-2.134277026,1.06E-07,Down,
Rv2147c,-1.773584359,1.03E-07,Down,
Rv3794,-1.980596075,1.03E-07,Down,
Rv0169,-2.270987021,1.07E-07,Down,
Rv1884c,-2.175600448,1.16E-07,Down,
Rv3158,-1.884221925,1.16E-07,Down,
Rv1612,-2.14330056,1.17E-07,Down,
Rv1630,-1.764839165,1.08E-07,Down,
EBG00000313387,-2.184053597,1.26E-07,Down,
Rv2377c,-3.757500604,1.28E-07,Down,Rv2377c
Rv1144,-2.016349879,1.28E-07,Down,
Rv3224,-2.493151272,1.27E-07,Down,
Rv3157,-2.113774303,1.25E-07,Down,
Rv1349,-2.019353176,1.38E-07,Down,
Rv0723,-2.345815835,1.29E-07,Down,
Rv3150,-1.950837342,1.35E-07,Down,
Rv0167,-1.757213887,1.32E-07,Down,
Rv0282,-1.772510819,1.25E-07,Down,
Rv3923c,-1.777863272,1.40E-07,Down,
Rv3795,-1.803398582,1.39E-07,Down,
Rv2430c,-1.74105535,1.44E-07,Down,
Rv3425,-2.432934606,1.65E-07,Down,
Rv3457c,-1.555163385,1.40E-07,Down,
Rv1322A,-1.597221023,1.44E-07,Down,
Rv0206c,-1.516577074,1.46E-07,Down,
Rv1932,-2.423888845,1.66E-07,Down,
Rv2567,-1.765054389,1.62E-07,Down,
Rv2817c,-2.172405596,1.75E-07,Down,
Rv2054,-2.450706489,1.86E-07,Down,
Rv0597c,-1.719850059,1.64E-07,Down,
Rv3646c,-1.648242332,1.56E-07,Down,
Rv3922c,-2.011966964,1.79E-07,Down,
Rv1319c,-1.853650717,1.81E-07,Down,
Rv1318c,-1.741211168,1.72E-07,Down,
Rv0289,-2.150126463,1.71E-07,Down,
Rv0721,-2.238278167,1.79E-07,Down,
Rv1437,-1.796929542,1.84E-07,Down,
Rv0285,-2.201737847,2.04E-07,Down,
Rv3882c,-1.873976456,1.96E-07,Down,
Rv3875,-1.647372735,1.80E-07,Down,
Rv3148,-1.98256085,1.95E-07,Down,
Rv0642c,-1.750814422,1.97E-07,Down,
Rv0702,-1.932246256,1.91E-07,Down,
Rv0896,-2.11275077,1.98E-07,Down,
Rv2101,-1.604700973,2.15E-07,Down,
Rv3153,-1.84820442,2.37E-07,Down,
Rv2241,-1.663559101,2.12E-07,Down,
Rv2940c,-1.890902145,2.08E-07,Down,
Rv1240,-1.580686257,2.29E-07,Down,
Rv2858c,-1.782674854,2.43E-07,Down,
Rv1310,-1.491915183,2.19E-07,Down,
Rv0545c,-1.711920479,2.22E-07,Down,
Rv1535,-1.679247664,2.46E-07,Down,
Rv0283,-1.743528101,2.23E-07,Down,
Rv3156,-2.075131755,2.40E-07,Down,
Rv2948c,-2.568656699,2.48E-07,Down,
Rv2954c,-1.739904046,2.63E-07,Down,
Rv0006,-1.395485839,2.45E-07,Down,
Rv1925,-1.463685553,2.48E-07,Down,
Rv0703,-1.865428057,2.66E-07,Down,
Rv3478,-1.820641752,2.66E-07,Down,
Rv0171,-1.627307997,2.68E-07,Down,
Rv1871c,-1.512547069,2.65E-07,Down,
Rv2457c,-1.501239174,2.63E-07,Down,
Rv0516c,-1.946993403,3.03E-07,Down,
Rv3805c,-1.541839353,2.90E-07,Down,
Rv0166,-1.612270186,2.86E-07,Down,
Rv1698,-1.995982613,3.25E-07,Down,
Rv1348,-1.641905448,2.99E-07,Down,
Rv3149,-1.752641713,3.18E-07,Down,
Rv0652,-1.842220808,3.17E-07,Down,
Rv0733,-1.872783388,3.21E-07,Down,
Rv2564,-2.171943177,3.65E-07,Down,
Rv3135,-1.800852952,3.15E-07,Down,
Rv2949c,-2.618149508,3.07E-07,Down,
Rv1544,-1.889503282,3.46E-07,Down,
Rv1933c,-1.785370253,3.57E-07,Down,
Rv1175c,-1.46768365,3.25E-07,Down,
Rv0997,-2.139170216,3.70E-07,Down,
Rv1386,-1.865644899,3.43E-07,Down,
Rv1704c,-1.959235318,3.49E-07,Down,
Rv0952,-1.47731569,3.45E-07,Down,
Rv0316,-1.701722229,3.78E-07,Down,
Rv1109c,-1.413963774,3.46E-07,Down,
Rv3920c,-2.210681875,3.57E-07,Down,
Rv2382c,-2.141886582,4.26E-07,Down,
Rv0798c,-2.129853141,4.34E-07,Down,
Rv1307,-1.334596771,3.69E-07,Down,
Rv2953,-2.102824576,4.45E-07,Down,
Rv0717,-2.151328448,4.29E-07,Down,
Rv0700,-1.771698292,3.87E-07,Down,
Rv1297,-1.931921329,3.85E-07,Down,
Rv3918c,-1.471399675,4.19E-07,Down,
Rv2942,-1.33107224,3.97E-07,Down,
Rv0715,-1.827278707,4.32E-07,Down,
Rv2334,-1.464089908,4.26E-07,Down,
Rv0168,-1.738600159,4.80E-07,Down,
Rv2386c,-1.641081543,4.88E-07,Down,
Rv2259,-1.550119248,4.60E-07,Down,
Rv0641,-1.329690064,4.20E-07,Down,
Rv2791c,-1.325044819,4.35E-07,Down,
Rv1631,-1.56064764,4.40E-07,Down,
Rv2931,-1.408525119,4.20E-07,Down,
Rv2938,-2.006904146,4.88E-07,Down,
Rv2383c,-1.630737277,4.62E-07,Down,
Rv3031,-1.702262053,5.25E-07,Down,
Rv3152,-2.047930125,4.75E-07,Down,
Rv2112c,-1.492750525,4.72E-07,Down,
Rv0170,-1.743377355,4.86E-07,Down,
Rv2857c,-1.834026364,5.78E-07,Down,
Rv1173,-1.314119139,4.56E-07,Down,
Rv0719,-2.268059592,5.04E-07,Down,
Rv0291,-1.748251295,5.00E-07,Down,
Rv0295c,-1.646711429,6.03E-07,Down,
Rv3728,-1.396825484,5.24E-07,Down,
Rv2190c,-1.736789951,5.18E-07,Down,
Rv3045,-1.476523055,5.34E-07,Down,
Rv2200c,-1.384475322,5.25E-07,Down,
Rv1543,-2.070547854,5.71E-07,Down,
Rv1309,-1.381936854,5.35E-07,Down,
Rv1305,-1.470641392,5.62E-07,Down,
Rv1299,-1.365403772,5.32E-07,Down,
Rv3859c,-1.269923137,5.22E-07,Down,
Rv2150c,-1.325887294,5.34E-07,Down,
Rv1132,-1.280078531,5.48E-07,Down,
Rv1626,-1.44834067,5.66E-07,Down,
Rv0867c,-1.435251953,5.46E-07,Down,
Rv0933,-1.650379395,6.72E-07,Down,
Rv3389c,-1.41955291,6.09E-07,Down,
Rv0677c,-1.612438087,5.51E-07,Down,
Rv0720,-1.879979893,6.27E-07,Down,
Rv0056,-1.58864122,6.27E-07,Down,
Rv0203,-2.021464797,6.48E-07,Down,
Rv3808c,-1.401461859,5.99E-07,Down,
Rv3246c,-1.44806322,5.94E-07,Down,
Rv2467,-1.37411182,6.08E-07,Down,
Rv1689,-1.51922649,7.01E-07,Down,
Rv2945c,-2.51964795,6.71E-07,Down,
Rv2220,-1.877200435,6.02E-07,Down,
Rv2376c,-1.70740635,7.94E-07,Down,
Rv0058,-1.2686794,6.43E-07,Down,
Rv2902c,-1.270675681,6.54E-07,Down,
Rv0418,-1.364162311,6.91E-07,Down,
Rv0637,-1.534887499,6.81E-07,Down,
Rv3401,-1.332699786,6.76E-07,Down,
Rv2944,-2.29666462,9.40E-07,Down,
Rv2477c,-1.264394072,6.54E-07,Down,
Rv1131,-1.26484715,6.62E-07,Down,
Rv0405,-1.576478021,7.41E-07,Down,
Rv2294,-1.692900256,8.35E-07,Down,
Rv3919c,-1.44669819,7.17E-07,Down,
Rv2462c,-1.360684474,6.90E-07,Down,
Rv3267,-1.396278024,7.09E-07,Down,
Rv1220c,-1.626391994,8.36E-07,Down,
Rv1272c,-1.449549239,8.10E-07,Down,
Rv3151,-1.652767635,7.30E-07,Down,
Rv3032,-1.776585536,9.32E-07,Down,
Rv0732,-1.984828577,7.47E-07,Down,
Rv1644,-1.241100861,7.43E-07,Down,
Rv1328,-1.263999564,7.78E-07,Down,
Rv3029c,-1.247756186,7.45E-07,Down,
Rv0432,-1.707991819,8.02E-07,Down,
Rv1678,-1.468337941,8.94E-07,Down,
Rv1106c,-1.450638464,8.88E-07,Down,
Rv3884c,-1.325340573,8.41E-07,Down,
Rv1308,-1.526193757,7.65E-07,Down,
Rv0073,-1.570726884,8.79E-07,Down,
Rv3791,-1.730103234,9.90E-07,Down,
Rv2258c,-1.988216121,8.92E-07,Down,
Rv0072,-1.369447158,8.52E-07,Down,
Rv0227c,-2.114164525,8.38E-07,Down,
Rv2523c,-1.706429133,9.85E-07,Down,
Rv2271,-2.386000736,1.02E-06,Down,
Rv2178c,-1.346736976,8.31E-07,Down,
Rv2992c,-1.310302527,9.12E-07,Down,
Rv3030,-1.824764461,1.02E-06,Down,
Rv2563,-1.940416372,1.07E-06,Down,
Rv0701,-1.996901126,8.39E-07,Down,
Rv0433,-1.607471826,9.73E-07,Down,
Rv0177,-1.24690917,9.28E-07,Down,
Rv3747,-1.654726876,1.04E-06,Down,
Rv0462,-1.337914473,9.12E-07,Down,
Rv0292,-1.250701235,9.39E-07,Down,
Rv2756c,-1.949050225,1.19E-06,Down,
Rv3858c,-1.188549771,9.55E-07,Down,
Rv1505c,-2.330407439,1.31E-06,Down,
Rv1078,-1.207264638,9.43E-07,Down,
Rv1300,-1.194665966,9.66E-07,Down,
Rv3234c,-1.367500267,1.10E-06,Down,
Rv0951,-1.2251461,9.67E-07,Down,
Rv1751,-1.579748021,1.05E-06,Down,
Rv0164,-1.492318874,1.08E-06,Down,
Rv1477,-1.291497931,1.07E-06,Down,
Rv2782c,-1.369858383,1.02E-06,Down,
Rv1837c,-1.079407465,1.00E-06,Down,
Rv3601c,-1.727725102,1.19E-06,Down,
Rv0936,-1.570119461,1.33E-06,Down,
Rv1251c,-1.29313601,1.15E-06,Down,
Rv3023c,-2.28775246,1.63E-06,Down,
Rv2068c,-1.322534479,1.24E-06,Down,
Rv1512,-1.392587045,1.29E-06,Down,
Rv0554,-1.483580011,1.38E-06,Down,
Rv2384,-1.870033221,1.51E-06,Down,
Rv3280,-1.914925105,1.15E-06,Down,
Rv0346c,-2.023571924,1.21E-06,Down,
Rv1260,-1.457100496,1.43E-06,Down,
Rv3281,-1.316407234,1.32E-06,Down,
Rv0173,-2.000260639,1.26E-06,Down,
Rv0888,-1.616819068,1.29E-06,Down,
Rv0074,-1.46148948,1.37E-06,Down,
Rv0781,-1.718435874,1.67E-06,Down,
Rv2426c,-1.476057831,1.47E-06,Down,
Rv1271c,-1.800511806,1.62E-06,Down,
Rv2952,-2.485439458,1.44E-06,Down,
Rv0632c,-1.186216175,1.28E-06,Down,
Rv0139,-1.351969065,1.45E-06,Down,
Rv1017c,-1.237418272,1.34E-06,Down,
Rv3115,-2.789360617,1.96E-06,Down,
Rv2195,-1.133616734,1.24E-06,Down,
Rv0165c,-1.435723586,1.39E-06,Down,
Rv2062c,-1.373871004,1.40E-06,Down,
Rv0694,-1.617269053,1.41E-06,Down,
Rv0635,-1.229685746,1.42E-06,Down,
Rv2257c,-1.589079132,1.69E-06,Down,
Rv0647c,-1.456971884,1.53E-06,Down,
Rv1857,-1.408250088,1.62E-06,Down,
Rv1886c,-1.404205914,1.40E-06,Down,
Rv0144,-1.405575627,1.51E-06,Down,
Rv0315,-1.755534287,1.49E-06,Down,
Rv2947c,-2.398573043,1.78E-06,Down,
Rv1283c,-1.517116025,1.85E-06,Down,
Rv2778c,-1.463239677,1.73E-06,Down,
Rv2395,-1.25211687,1.60E-06,Down,
Rv2335,-1.319396679,1.68E-06,Down,
Rv0636,-1.18404323,1.61E-06,Down,
Rv1346,-1.473665891,1.71E-06,Down,
Rv0176,-1.204140151,1.58E-06,Down,
Rv0157,-1.860218557,1.63E-06,Down,
Rv0263c,-1.709909364,1.80E-06,Down,
Rv2984,-1.09575174,1.61E-06,Down,
Rv3715c,-1.318075044,1.77E-06,Down,
Rv3762c,-1.377896843,1.88E-06,Down,
Rv1098c,-1.547668983,1.72E-06,Down,
Rv2478c,-2.045540081,2.47E-06,Down,
Rv1923,-1.358457753,1.74E-06,Down,
Rv3146,-1.614119844,1.96E-06,Down,
Rv3273,-1.201884556,1.67E-06,Down,
Rv2739c,-1.440845572,2.10E-06,Down,
Rv3900c,-1.382727323,2.02E-06,Down,
Rv2256c,-1.199838869,1.65E-06,Down,
Rv3145,-1.597440095,2.00E-06,Down,
Rv1182,-1.6446973,2.39E-06,Down,
Rv1794,-1.045894312,1.70E-06,Down,
Rv2721c,-1.014924408,1.73E-06,Down,
Rv2275,-2.461715126,2.45E-06,Down,
Rv2468A,-1.453725498,2.18E-06,Down,
Rv3402c,-1.258500438,2.15E-06,Down,
Rv1095,-1.184329928,1.77E-06,Down,
Rv0270,-1.093165866,1.84E-06,Down,
Rv0693,-1.169558048,1.95E-06,Down,
Rv0937c,-1.373252253,2.38E-06,Down,
Rv2276,-2.778396805,2.41E-06,Down,
Rv0892,-1.903133896,2.47E-06,Down,
Rv3366,-1.880200463,2.68E-06,Down,
Rv3839,-1.739833036,2.61E-06,Down,
Rv2967c,-1.150605672,1.98E-06,Down,
Rv3377c,-1.730473434,2.32E-06,Down,
Rv1133c,-1.005623024,1.84E-06,Down,
Rv1201c,-1.115903312,2.00E-06,Down,
Rv3669,-1.344650357,2.41E-06,Down,
Rv3793,-1.153949465,2.07E-06,Down,
Rv2350c,-1.391825657,2.41E-06,Down,
Rv0467,-1.04290894,1.96E-06,Down,
Rv0225,-1.34997191,2.32E-06,Down,
Rv0500,-1.292086639,2.49E-06,Down,
Rv0264c,-1.285730606,2.45E-06,Down,
Rv3329,-1.301761082,2.43E-06,Down,
Rv0773c,-1.507991428,2.56E-06,Down,
Rv3490,-1.166193644,2.13E-06,Down,
Rv2965c,-1.474457071,2.85E-06,Down,
Rv1690,-1.5714155,3.00E-06,Down,
Rv3001c,-1.434726373,2.20E-06,Down,
Rv1448c,-1.04976104,2.23E-06,Down,
Rv1122,-1.210861384,2.51E-06,Down,
Rv1919c,-1.723029079,2.71E-06,Down,
Rv1185c,-1.554101824,2.59E-06,Down,
Rv2859c,-1.506364787,2.76E-06,Down,
Rv1094,-1.698469044,2.13E-06,Down,
Rv1317c,-1.005154548,2.19E-06,Down,
Rv2127,-1.234270835,2.30E-06,Down,
Rv3002c,-1.086723492,2.44E-06,Down,
Rv1199c,-2.813257023,2.60E-06,Down,
Rv2189c,-1.363136855,2.88E-06,Down,
Rv1108c,-1.098162184,2.46E-06,Down,
Rv1483,-1.403275081,2.36E-06,Down,
Rv3332,-1.318222784,2.68E-06,Down,
Rv3376,-1.354478268,2.63E-06,Down,
Rv0429c,-2.065442019,3.22E-06,Down,
Rv2985,-2.072378916,2.53E-06,Down,
Rv3623,-1.308045482,2.91E-06,Down,
Rv0221,-1.377040153,2.56E-06,Down,
Rv3274c,-1.134505915,2.42E-06,Down,
Rv3725,-1.076485059,2.43E-06,Down,
Rv1883c,-1.33916836,2.54E-06,Down,
Rv1023,-1.094874531,2.59E-06,Down,
Rv0069c,-1.308825846,2.70E-06,Down,
Rv1642,-1.064742741,2.44E-06,Down,
Rv1793,-1.187612341,2.44E-06,Down,
Rv3154,-1.579542468,2.72E-06,Down,
Rv1099c,-1.134982081,2.69E-06,Down,
Rv1302,-1.238863424,3.00E-06,Down,
Rv2272,-1.81908897,3.47E-06,Down,
Rv1360,-1.195096485,2.73E-06,Down,
Rv3651,-1.375830018,2.91E-06,Down,
Rv0890c,-1.25198171,3.01E-06,Down,
Rv2196,-1.09300902,2.50E-06,Down,
Rv0695,-1.28920756,2.97E-06,Down,
Rv0111,-1.161335652,3.13E-06,Down,
Rv1611,-1.760098235,2.80E-06,Down,
Rv1513,-1.418007025,3.60E-06,Down,
Rv1632c,-1.52649585,3.60E-06,Down,
Rv2381c,-2.559335429,3.20E-06,Down,
Rv2588c,-1.136891713,3.25E-06,Down,
Rv0566c,-1.741102253,4.42E-06,Down,
Rv1676,-1.50399923,3.12E-06,Down,
Rv1641,-1.406882085,2.75E-06,Down,
Rv1519,-1.867051116,4.75E-06,Down,
Rv1320c,-1.330896505,3.17E-06,Down,
Rv0980c,-1.419854941,3.24E-06,Down,
Rv3885c,-1.155786246,3.38E-06,Down,
Rv2403c,-1.302493083,3.74E-06,Down,
Rv2522c,-1.165479323,3.26E-06,Down,
Rv3713,-1.515119062,4.16E-06,Down,
Rv0783c,-1.194325583,3.36E-06,Down,
Rv1650,-1.142752134,3.14E-06,Down,
Rv0237,-2.161793697,3.73E-06,Down,
Rv1478,-1.198617747,3.70E-06,Down,
Rv0057,-1.253288929,3.52E-06,Down,
Rv2081c,-1.150841251,3.33E-06,Down,
Rv3119,-1.418322705,3.78E-06,Down,
Rv2994,-1.174718272,3.59E-06,Down,
Rv1506c,-1.631343487,4.71E-06,Down,
Rv0676c,-1.525291686,2.95E-06,Down,
Rv0541c,-1.166856751,3.63E-06,Down,
Rv0226c,-1.736468563,4.08E-06,Down,
Rv0894,-1.634062154,4.79E-06,Down,
Rv3336c,-1.041879282,3.52E-06,Down,
Rv1198,-2.772170309,3.29E-06,Down,
Rv1344,-2.05739262,5.49E-06,Down,
Rv1438,-1.758259624,3.81E-06,Down,
Rv2999,-1.702531275,4.90E-06,Down,
Rv0646c,-1.384987798,3.88E-06,Down,
Rv1183,-1.57301758,4.75E-06,Down,
Rv0741,-1.162898337,3.93E-06,Down,
Rv2510c,-1.321057057,4.08E-06,Down,
Rv1728c,-1.234737769,4.10E-06,Down,
Rv2435c,-1.470074949,4.30E-06,Down,
Rv3275c,-1.398778023,4.02E-06,Down,
Rv3846,-1.005857256,3.47E-06,Down,
Rv1713,-1.094622641,3.72E-06,Down,
Rv3093c,-1.686820164,3.66E-06,Down,
Rv2385,-1.76724624,4.57E-06,Down,
Rv0920c,-1.327713614,4.10E-06,Down,
Rv2574,-1.351096627,4.38E-06,Down,
Rv2387,-1.090106695,3.85E-06,Down,
Rv1504c,-1.750654173,5.23E-06,Down,
Rv2789c,-1.306305515,3.89E-06,Down,
Rv3295,-1.555255159,3.91E-06,Down,
Rv2982c,-1.402048021,4.85E-06,Down,
EBG00000313337,-2.042231043,6.17E-06,Down,
Rv0204c,-1.062997712,4.09E-06,Down,
Rv3458c,-1.138057699,3.78E-06,Down,
Rv3096,-1.22376049,4.13E-06,Down,
Rv0696,-1.477147128,4.56E-06,Down,
Rv0908,-1.121154464,4.30E-06,Down,
Rv2856,-1.344870364,5.18E-06,Down,
Rv3198A,-1.991843462,5.83E-06,Down,
Rv0544c,-1.180263188,5.03E-06,Down,
Rv1815,-1.126299687,4.38E-06,Down,
Rv2955c,-1.277768695,5.09E-06,Down,
Rv2427c,-1.033449796,4.42E-06,Down,
Rv1010,-1.218043189,4.67E-06,Down,
Rv0409,-1.259084415,5.12E-06,Down,
Rv0402c,-1.057122948,4.81E-06,Down,
Rv1860,-1.358121681,4.76E-06,Down,
Rv2199c,-1.193575698,4.45E-06,Down,
Rv3320c,-1.538484187,5.99E-06,Down,
Rv3138,-1.397998048,4.46E-06,Down,
Rv0004,-1.314715561,5.68E-06,Down,
Rv0005,-1.363802568,4.08E-06,Down,
Rv1311,-1.168692625,5.13E-06,Down,
Rv3909,-1.06608159,4.46E-06,Down,
Rv0640,-1.202865301,4.25E-06,Down,
Rv3917c,-1.0614645,4.31E-06,Down,
Rv2171,-1.02425556,4.91E-06,Down,
Rv0546c,-1.411753562,5.86E-06,Down,
Rv2685,-1.033934042,4.96E-06,Down,
Rv0954,-1.210764491,4.42E-06,Down,
Rv0003,-1.207986718,5.71E-06,Down,
Rv1559,-1.376372643,4.68E-06,Down,
Rv0831c,-1.890682181,4.67E-06,Down,
Rv0925c,-1.177541959,5.82E-06,Down,
Rv0107c,-1.084079327,4.61E-06,Down,
Rv0308,-1.523224518,5.58E-06,Down,
Rv2046,-1.307953101,6.64E-06,Down,
Rv1314c,-1.312787263,6.68E-06,Down,
Rv3682,-1.032638187,4.67E-06,Down,
Rv0408,-1.04748066,5.28E-06,Down,
Rv3190A,-2.082869775,5.30E-06,Down,
Rv1546,-1.608939563,6.54E-06,Down,
Rv0957,-1.251748884,5.24E-06,Down,
Rv3587c,-1.047485394,5.07E-06,Down,
Rv1870c,-1.297238559,5.02E-06,Down,
Rv0380c,-1.691910751,6.76E-06,Down,
Rv3038c,-1.167689493,5.64E-06,Down,
Rv3383c,-1.097091947,6.28E-06,Down,
Rv1321,-1.25555379,5.93E-06,Down,
Rv0481c,-1.505149224,8.06E-06,Down,
Rv2757c,-1.646410836,8.98E-06,Down,
Rv0431,-1.067393046,6.22E-06,Down,
Rv0428c,-1.557150062,8.47E-06,Down,
Rv3464,-1.169966955,5.83E-06,Down,
Rv1345,-1.640814448,5.95E-06,Down,
Rv0930,-1.088026639,5.92E-06,Down,
Rv1079,-1.025480097,5.90E-06,Down,
Rv1410c,-1.132035976,5.58E-06,Down,
Rv2260,-1.382647855,7.48E-06,Down,
Rv3365c,-1.047614103,5.82E-06,Down,
Rv0993,-1.184577378,6.82E-06,Down,
Rv1097c,-1.42922632,6.67E-06,Down,
Rv3759c,-1.055280791,7.03E-06,Down,
Rv0469,-1.458961626,6.45E-06,Down,
Rv1545,-1.691938094,9.10E-06,Down,
Rv1388,-1.447203612,6.35E-06,Down,
Rv3726,-1.015717468,6.48E-06,Down,
Rv2431c,-1.392676935,6.80E-06,Down,
Rv2796c,-1.704224522,1.04E-05,Down,
Rv2909c,-1.114727513,6.60E-06,Down,
Rv0446c,-1.482065018,8.17E-06,Down,
Rv1608c,-1.115996718,8.33E-06,Down,
Rv3011c,-1.120835593,7.79E-06,Down,
Rv1872c,-1.02509299,6.32E-06,Down,
Rv2903c,-1.032087626,6.52E-06,Down,
Rv2647,-1.537722365,1.11E-05,Down,
Rv0979A,-1.273921437,8.78E-06,Down,
Rv2808,-1.891717824,1.16E-05,Down,
Rv3037c,-1.071100579,8.46E-06,Down,
Rv0430,-1.487962827,8.30E-06,Down,
Rv2939,-1.317250326,7.10E-06,Down,
Rv0824c,-1.634160288,6.80E-06,Down,
Rv1312,-1.076191116,8.95E-06,Down,
Rv3910,-1.029316332,7.10E-06,Down,
Rv0009,-1.775367836,7.32E-06,Down,
Rv2957,-1.191333995,9.60E-06,Down,
Rv2973c,-1.239706118,9.39E-06,Down,
Rv3792,-1.216551508,9.46E-06,Down,
Rv2860c,-1.184339994,9.00E-06,Down,
Rv2930,-1.00765421,7.21E-06,Down,
Rv3692,-1.26632766,9.02E-06,Down,
Rv0199,-1.130404042,9.71E-06,Down,
Rv0290,-1.926692963,7.74E-06,Down,
Rv3761c,-1.290670136,1.02E-05,Down,
Rv3804c,-1.484345347,7.54E-06,Down,
Rv3890c,-1.174720843,1.06E-05,Down,
Rv0155,-1.292985639,9.64E-06,Down,
Rv0533c,-1.089247763,9.22E-06,Down,
Rv3362c,-1.230851574,1.11E-05,Down,
Rv0698,-1.580840643,1.24E-05,Down,
Rv1179c,-1.293641307,8.31E-06,Down,
Rv2790c,-1.387797576,8.84E-06,Down,
Rv0055,-1.244707193,1.02E-05,Down,
Rv0014c,-1.02915244,8.66E-06,Down,
Rv0919,-1.08485058,9.67E-06,Down,
Rv1711,-1.045320923,1.04E-05,Down,
Rv3600c,-1.397019614,1.00E-05,Down,
Rv2956,-1.062478286,1.12E-05,Down,
Rv0785,-1.372995905,1.20E-05,Down,
Rv2966c,-1.559184007,1.28E-05,Down,
Rv2509,-1.350976367,1.01E-05,Down,
Rv2987c,-1.220845512,1.12E-05,Down,
Rv2102,-1.15635091,1.09E-05,Down,
Rv3465,-1.302716848,1.11E-05,Down,
Rv0713,-1.124191463,1.04E-05,Down,
Rv2083,-1.194139911,1.11E-05,Down,
Rv0482,-1.341974148,1.20E-05,Down,
Rv0427c,-1.109460751,1.28E-05,Down,
Rv2425c,-1.023322768,1.15E-05,Down,
Rv3224B,-1.416992812,1.36E-05,Down,
Rv2186c,-1.293271298,1.43E-05,Down,
Rv2402,-1.034057477,1.04E-05,Down,
Rv0774c,-1.301595785,1.22E-05,Down,
Rv1508c,-1.119633108,1.03E-05,Down,
Rv1400c,-1.795310894,1.35E-05,Down,
Rv3632,-1.322289934,1.50E-05,Down,
Rv1280c,-1.346604262,1.11E-05,Down,
Rv0669c,-1.011007608,1.01E-05,Down,
Rv1301,-1.14075553,1.03E-05,Down,
Rv3147,-1.143522984,1.09E-05,Down,
Rv0010c,-1.933608332,1.10E-05,Down,
Rv0893c,-1.781841935,1.66E-05,Down,
Rv1107c,-1.591810739,1.36E-05,Down,
Rv3100c,-1.142212568,1.29E-05,Down,
Rv0782,-1.426062066,1.50E-05,Down,
Rv3120,-1.077206121,1.21E-05,Down,
Rv0394c,-1.134309646,1.37E-05,Down,
Rv0907,-1.070493188,1.21E-05,Down,
Rv1306,-1.102508768,1.03E-05,Down,
Rv1618,-1.170863046,1.14E-05,Down,
Rv0156,-1.596906238,1.34E-05,Down,
Rv3893c,-1.134919294,1.32E-05,Down,
Rv0404,-1.230607738,1.23E-05,Down,
Rv3756c,-1.403927284,1.40E-05,Down,
Rv2993c,-1.353981452,1.18E-05,Down,
Rv1752,-1.406016242,1.76E-05,Down,
Rv1080c,-1.005732091,1.03E-05,Down,
Rv1709,-1.07964355,1.15E-05,Down,
Rv0434,-1.001409495,1.23E-05,Down,
Rv0634A,-1.802493636,1.52E-05,Down,
Rv0556,-1.196008785,1.43E-05,Down,
Rv0133,-1.125015052,1.31E-05,Down,
Rv2646,-1.018349326,1.46E-05,Down,
Rv1282c,-1.614336073,1.65E-05,Down,
Rv1507c,-1.466471487,1.46E-05,Down,
Rv1242,-1.160144731,1.58E-05,Down,
Rv1261c,-1.071628115,1.42E-05,Down,
Rv0042c,-1.392071841,1.35E-05,Down,
Rv3331,-1.306484357,1.37E-05,Down,
Rv3760,-1.331907626,1.77E-05,Down,
Rv3763,-1.513856858,1.30E-05,Down,
Rv2055c,-1.598535663,1.95E-05,Down,
Rv2434c,-1.807714851,1.75E-05,Down,
Rv3233c,-1.517370872,1.67E-05,Down,
Rv1009,-1.11221817,1.23E-05,Down,
Rv2809,-1.085353068,1.67E-05,Down,
Rv3716c,-1.249575366,1.31E-05,Down,
Rv1184c,-1.470764278,2.22E-05,Down,
Rv1070c,-1.031777975,1.45E-05,Down,
Rv3392c,-1.480677473,1.86E-05,Down,
Rv0044c,-1.355927619,1.69E-05,Down,
Rv0697,-1.201060808,1.96E-05,Down,
Rv0800,-1.034857696,1.68E-05,Down,
Rv1233c,-1.376976699,1.55E-05,Down,
Rv0035,-1.287999571,1.60E-05,Down,
Rv2468c,-1.329958767,1.54E-05,Down,
Rv2600,-1.240455271,1.90E-05,Down,
Rv2898c,-1.312318485,2.00E-05,Down,
Rv2943,-1.081363088,1.87E-05,Down,
Rv3845,-1.257566416,1.92E-05,Down,
Rv0529,-1.081102187,1.47E-05,Down,
Rv1123c,-1.117662747,1.66E-05,Down,
Rv1680,-1.264158055,2.02E-05,Down,
Rv0423c,-1.118088052,1.36E-05,Down,
Rv2059,-1.125761539,1.80E-05,Down,
Rv0424c,-1.673829819,1.84E-05,Down,
Rv1092c,-1.535955141,1.83E-05,Down,
Rv2783c,-1.249476438,1.38E-05,Down,
Rv2375,-1.016745051,1.98E-05,Down,
Rv3775,-1.026394652,1.66E-05,Down,
Rv2442c,-1.365117362,1.48E-05,Down,
Rv3116,-1.118086779,1.64E-05,Down,
Rv1116A,-1.508560673,2.74E-05,Down,
Rv0599c,-1.322979112,2.57E-05,Down,
Rv0222,-1.44689645,1.97E-05,Down,
Rv3155,-2.204509376,2.12E-05,Down,
Rv1447c,-1.023843062,1.60E-05,Down,
Rv2958c,-1.727152026,1.76E-05,Down,
Rv0891c,-1.538633619,2.30E-05,Down,
Rv1550,-1.19806164,2.54E-05,Down,
Rv1514c,-1.438047123,2.68E-05,Down,
Rv3294c,-1.168918843,2.53E-05,Down,
Rv1484,-1.552271759,1.74E-05,Down,
Rv3121,-1.367361486,1.89E-05,Down,
Rv1241,-1.369835361,2.46E-05,Down,
Rv1677,-1.60933097,2.19E-05,Down,
Rv2816c,-1.152369012,2.17E-05,Down,
Rv1354c,-1.182340413,2.16E-05,Down,
Rv0534c,-1.028803933,2.33E-05,Down,
Rv0450c,-1.115272471,1.72E-05,Down,
Rv1848,-1.180376983,2.41E-05,Down,
Rv1849,-1.212845276,2.86E-05,Down,
Rv1979c,-1.095632944,1.87E-05,Down,
Rv2855,-1.162884237,2.39E-05,Down,
Rv0557,-1.142881673,2.07E-05,Down,
Rv0439c,-1.143926125,2.35E-05,Down,
Rv1924c,-1.156413039,2.58E-05,Down,
Rv3588c,-1.124098366,2.37E-05,Down,
Rv0716,-1.810916403,1.91E-05,Down,
Rv0799c,-1.230466444,2.20E-05,Down,
Rv2284,-1.002462094,2.28E-05,Down,
Rv1797,-1.169429412,1.82E-05,Down,
Rv0822c,-1.024528867,1.84E-05,Down,
Rv3459c,-1.239456222,1.86E-05,Down,
Rv1515c,-1.044758459,2.73E-05,Down,
Rv2082,-1.283328226,2.15E-05,Down,
Rv1011,-1.015756568,2.35E-05,Down,
Rv1520,-1.199241862,2.62E-05,Down,
Rv2450c,-1.159029898,2.37E-05,Down,
Rv0001,-1.354888155,1.99E-05,Down,
Rv3190c,-1.046001037,2.26E-05,Down,
Rv1679,-1.35117672,2.54E-05,Down,
Rv3308,-1.115476798,2.53E-05,Down,
Rv2832c,-1.151705638,2.92E-05,Down,
Rv3748,-1.058806468,2.71E-05,Down,
Rv3757c,-1.012585553,2.74E-05,Down,
Rv0422c,-1.230048074,2.45E-05,Down,
Rv1355c,-1.034225377,2.66E-05,Down,
Rv3727,-1.328476297,2.25E-05,Down,
Rv3714c,-1.027885222,2.93E-05,Down,
Rv0406c,-1.001319752,2.96E-05,Down,
Rv3477,-1.272152522,2.67E-05,Down,
Rv3375,-1.453450998,3.34E-05,Down,
Rv1440,-1.298041136,3.03E-05,Down,
Rv0797,-1.378258013,4.16E-05,Down,
Rv3688c,-1.36711446,2.65E-05,Down,
Rv0924c,-1.057940786,3.36E-05,Down,
Rv1313c,-1.866807363,4.08E-05,Down,
Rv1476,-1.249871339,2.99E-05,Down,
Rv3361c,-1.254445333,3.70E-05,Down,
Rv3678c,-1.461114103,2.91E-05,Down,
Rv3874,-1.903317634,2.34E-05,Down,
Rv2761c,-1.128065632,3.02E-05,Down,
Rv1351,-1.601627115,4.20E-05,Down,
Rv0178,-1.238254276,2.55E-05,Down,
Rv0158,-1.004032992,3.49E-05,Down,
Rv3678A,-1.728385842,4.33E-05,Down,
Rv0911,-1.09358595,3.72E-05,Down,
Rv2273,-1.768029957,5.02E-05,Down,
Rv2861c,-1.166305117,2.64E-05,Down,
Rv2289,-1.531929337,3.40E-05,Down,
Rv2349c,-1.433354209,3.37E-05,Down,
Rv1411c,-1.276938372,2.66E-05,Down,
Rv1729c,-1.096587045,3.49E-05,Down,
Rv1903,-1.15213035,4.19E-05,Down,
Rv0216,-1.029360012,3.65E-05,Down,
Rv2604c,-1.063767841,3.79E-05,Down,
Rv2508c,-1.054482196,3.32E-05,Down,
Rv1580c,-1.418574803,4.68E-05,Down,
Rv0651,-1.138604293,2.84E-05,Down,
Rv3264c,-1.009070137,2.96E-05,Down,
Rv1025,-1.15176625,4.43E-05,Down,
Rv0407,-1.059246976,3.28E-05,Down,
Rv0634B,-1.189822679,3.85E-05,Down,
Rv3282,-1.188923666,3.72E-05,Down,
Rv2530c,-1.16827049,4.67E-05,Down,
Rv0734,-1.579429054,3.69E-05,Down,
Rv1024,-1.01614037,4.27E-05,Down,
Rv2972c,-1.024608089,4.46E-05,Down,
Rv2441c,-1.467372332,3.19E-05,Down,
Rv3924c,-1.258258378,3.81E-05,Down,
Rv0205,-1.13853914,4.31E-05,Down,
EBG00000313368,-1.564120385,7.43E-05,Down,
Rv3213c,-1.139026744,3.77E-05,Down,
Rv1980c,-1.661251834,3.76E-05,Down,
Rv3261,-1.035977669,4.35E-05,Down,
Rv3032A,-1.617209188,7.02E-05,Down,
Rv2804c,-1.702479658,7.50E-05,Down,
Rv1573,-1.463989115,7.88E-05,Down,
Rv0360c,-1.391975328,6.18E-05,Down,
Rv3427c,-1.226941083,5.44E-05,Down,
Rv0390,-1.151213452,5.29E-05,Down,
Rv1389,-1.211154025,4.44E-05,Down,
Rv0468,-1.104810351,4.57E-05,Down,
Rv1643,-1.18963181,4.29E-05,Down,
Rv3781,-1.000856477,5.75E-05,Down,
Rv2971,-1.294397703,4.92E-05,Down,
Rv0722,-1.636291634,5.95E-05,Down,
Rv3665c,-1.134587209,8.39E-05,Down,
Rv0598c,-1.558463616,5.95E-05,Down,
Rv3378c,-1.403144896,8.53E-05,Down,
Rv2819c,-1.003147244,8.46E-05,Down,
Rv0241c,-1.073421266,5.53E-05,Down,
Rv2512c,-1.461490645,8.55E-05,Down,
EBG00000313346,-2.118776827,0.000143919,Down,
Rv1571,-1.072185253,8.98E-05,Down,
Rv3806c,-1.317302982,6.40E-05,Down,
Rv2240c,-1.146762669,6.41E-05,Down,
Rv3706c,-2.909896404,7.35E-05,Down,
Rv2047c,-1.118233065,6.24E-05,Down,
Rv3231c,-1.026852164,9.49E-05,Down,
Rv2760c,-1.795049599,0.000129761,Down,
Rv1195,-1.452647742,5.98E-05,Down,
Rv0034,-1.234821144,0.000140216,Down,
Rv2798c,-1.105275557,0.000101741,Down,
Rv2759c,-1.120100146,0.000123484,Down,
Rv3196A,-1.160711546,0.000141273,Down,
Rv1881c,-1.14066242,0.000100574,Down,
Rv2928,-1.053647164,0.000103872,Down,
Rv1270c,-1.040703153,9.99E-05,Down,
Rv0714,-1.022550111,8.08E-05,Down,
Rv3770B,-1.148282156,0.000160368,Down,
Rv3118,-1.08609584,0.000127942,Down,
Rv2277c,-1.422135284,0.000168755,Down,
Rv2001,-1.073053067,0.000148488,Down,
Rv0947c,-1.069961037,0.000150688,Down,
Rv1085c,-1.04983037,0.000122082,Down,
Rv2929,-1.128323914,0.000157197,Down,
Rv1008,-1.232738321,0.000155515,Down,
Rv2805,-1.432300914,0.000231737,Down,
Rv3904c,-1.541442654,0.000220324,Down,
Rv3664c,-1.189777698,0.000191865,Down,
Rv3393,-1.020920782,0.000150882,Down,
Rv2755c,-1.700382274,0.000219274,Down,
Rv2803,-1.60281565,0.000180241,Down,
Rv1298,-1.02732724,0.000108121,Down,
Rv1304,-1.018135804,0.000111571,Down,
Rv3905c,-1.518488565,0.000293381,Down,
Rv2821c,-1.232774639,0.000185381,Down,
Rv2568c,-1.1489715,0.000162999,Down,
Rv2550c,-1.022017271,0.000215629,Down,
Rv0944,-1.463404183,0.000321776,Down,
Rv2128,-1.010767402,0.000208952,Down,
Rv2288,-1.087094084,0.000313065,Down,
Rv2943A,-1.628595869,0.000595899,Down,
Rv3224A,-2.362363248,0.000458996,Down,
Rv0059,-1.050324275,0.000264848,Down,
Rv1116,-2.094901467,0.000524278,Down,
Rv0995,-1.028986811,0.000293143,Down,
Rv2679,-1.041012003,0.000284718,Down,
Rv2818c,-1.025198693,0.000388375,Down,
Rv2261c,-1.092168845,0.000478977,Down,
Rv2433c,-1.304270588,0.000547388,Down,
Rv0780,-1.142868447,0.000368465,Down,
Rv2822c,-1.163115943,0.000513115,Down,
Rv0033,-2.014505992,0.000728505,Down,
Rv1572c,-1.114806315,0.000690257,Down,
Rv1189,-1.058715421,0.000580928,Down,
Rv2810c,-1.181975822,0.000683953,Down,
Rv3112,-1.227041179,0.000989548,Down,
Rv3363c,-1.433287191,0.000829619,Down,
Rv3381c,-1.072727563,0.001127711,Down,
Rv1457c,-1.295780584,0.000700618,Down,
Rv1570,-1.061569305,0.000841666,Down,
Rv2758c,-1.140361512,0.001325602,Down,
Rv0379,-1.58341269,0.00114129,Down,
Rv1413,-1.050567678,0.001008894,Down,
Rv3705A,-1.219886135,0.001115556,Down,
Rv2998A,-1.290276125,0.002385837,Down,
Rv2983,-1.008730461,0.001539496,Down,
Rv0699,-1.307883198,0.002889059,Down,
Rv0786c,-1.129858591,0.002555246,Down,
Rv3109,-1.074841781,0.003332953,Down,
Rv1414,-1.208120733,0.003663199,Down,
EBG00000313335,-1.397069374,0.003883825,Down,
Rv3807c,-1.095511001,0.002357529,Down,
Rv2274c,-1.367515647,0.006026186,Down,
Rv3094c,-1.330172168,0.003454796,Down,
Rv0691A,-1.022617382,0.014846436,Down,
Rv2908c,-1.42214962,0.017795922,Down,
Rv1369c,-1.149854463,0.049811289,Down,
Rv2379c,-1.525386561,0.033959927,Down,
Rv3290c,4.706607569,3.60E-10,Up,
Rv1994c,5.665185853,4.97E-10,Up,Rv1994c
Rv3406,4.617779554,6.95E-10,Up,
Rv0753c,4.204557228,7.27E-10,Up,
Rv0331,4.67448571,7.61E-10,Up,
Rv3535c,4.503501775,1.03E-09,Up,
Rv1992c,4.512883342,1.24E-09,Up,
Rv2625c,3.736048308,1.40E-09,Up,
Rv1894c,3.676348227,1.43E-09,Up,
Rv1586c,3.994646353,1.47E-09,Up,
Rv0654,3.364818046,1.61E-09,Up,
Rv0826,4.125221902,1.53E-09,Up,
Rv1993c,5.351879074,1.49E-09,Up,Rv1993c
Rv0968,4.506221816,1.83E-09,Up,
Rv0848,3.813529693,1.84E-09,Up,
Rv3123,4.3399838,1.70E-09,Up,
Rv1997,3.297179984,2.05E-09,Up,
Rv2641,5.524789501,2.16E-09,Up,Rv2641
Rv3534c,4.251117793,2.39E-09,Up,
Rv0384c,3.39102733,2.50E-09,Up,
Rv1460,3.616496424,2.54E-09,Up,
Rv0754,4.606812627,2.41E-09,Up,
Rv0767c,3.539525284,2.58E-09,Up,
Rv0976c,3.533363559,2.63E-09,Up,
Rv2029c,3.397004301,2.75E-09,Up,
Rv3122,3.656829504,3.03E-09,Up,
Rv1405c,3.278831282,3.76E-09,Up,
Rv0973c,3.172781589,4.05E-09,Up,
Rv2913c,4.177232825,4.15E-09,Up,
Rv0233,2.927230341,4.57E-09,Up,
Rv0790c,3.269609463,5.06E-09,Up,
Rv2035,4.135853372,5.26E-09,Up,
Rv3526,2.93772452,6.07E-09,Up,
Rv2624c,3.54786027,6.14E-09,Up,
Rv0064,2.755592545,6.23E-09,Up,
Rv0792c,4.600735337,6.59E-09,Up,
Rv0186A,4.237777208,6.59E-09,Up,
Rv3176c,3.75115019,6.74E-09,Up,
Rv0849,3.318295931,7.08E-09,Up,
Rv2629,2.601354597,7.39E-09,Up,
Rv1706A,3.866804751,7.16E-09,Up,
Rv1075c,3.346557873,7.41E-09,Up,
Rv0991c,3.361047368,7.68E-09,Up,
Rv2516c,2.861766871,7.78E-09,Up,
Rv2086,4.093397502,7.67E-09,Up,
Rv1996,2.590905321,7.91E-09,Up,
Rv0768,3.011627838,8.40E-09,Up,
Rv2036,3.45185918,8.48E-09,Up,
Rv2963,3.681533039,8.78E-09,Up,
Rv0752c,3.459111697,8.93E-09,Up,
Rv2643,4.06098926,9.10E-09,Up,
Rv0975c,3.188744764,9.25E-09,Up,
Rv0251c,4.831041122,9.45E-09,Up,
Rv3545c,3.089795579,9.85E-09,Up,
Rv2617c,4.757332625,1.07E-08,Up,
Rv2497c,2.530653289,1.09E-08,Up,
Rv3288c,3.524153558,1.12E-08,Up,
Rv0847,3.638706285,1.15E-08,Up,
Rv0967,3.9343188,1.24E-08,Up,
Rv0186,3.133517695,1.26E-08,Up,
Rv1135c,3.725996269,1.35E-08,Up,
Rv0244c,2.25377331,1.33E-08,Up,
Rv2503c,2.703156527,1.42E-08,Up,
Rv2030c,2.891398711,1.41E-08,Up,
Rv2630,2.922983252,1.51E-08,Up,
Rv1937,2.744081115,1.62E-08,Up,
Rv2012,4.359321437,1.62E-08,Up,
Rv3129,3.04942202,1.65E-08,Up,
Rv0837c,4.870534552,1.70E-08,Up,
Rv1936,3.547374853,1.74E-08,Up,
Rv2707,2.498583175,1.69E-08,Up,
Rv2616,4.386661325,1.78E-08,Up,
Rv0350,2.149471017,1.75E-08,Up,
Rv1622c,2.707777018,1.89E-08,Up,
Rv0518,2.683194815,1.96E-08,Up,
Rv2626c,2.624798557,1.91E-08,Up,
Rv0974c,2.912711922,2.09E-08,Up,
Rv2642,4.118551668,2.10E-08,Up,
Rv3054c,4.53487264,2.14E-08,Up,
Rv2159c,2.787467532,2.18E-08,Up,
Rv3080c,2.894653931,2.34E-08,Up,
Rv2627c,2.778955336,2.25E-08,Up,
Rv3571,2.735991674,2.37E-08,Up,
Rv2032,2.193063647,2.29E-08,Up,
Rv2694c,3.008904441,2.68E-08,Up,
Rv3546,2.50143809,2.84E-08,Up,
Rv1585c,3.214101818,2.92E-08,Up,
Rv2618,2.695501693,2.93E-08,Up,
Rv0874c,2.664750301,2.91E-08,Up,
Rv1956,2.402404671,2.99E-08,Up,
Rv0915c,2.848684383,3.26E-08,Up,
Rv0411c,2.489691517,3.08E-08,Up,
Rv0412c,2.229489367,3.38E-08,Up,
Rv2003c,2.75390944,3.56E-08,Up,
Rv2243,2.074627008,3.55E-08,Up,
Rv0836c,3.416032508,3.95E-08,Up,
Rv0563,2.005129642,3.67E-08,Up,
Rv2661c,2.442752388,3.74E-08,Up,
Rv3463,2.359827529,3.87E-08,Up,
Rv2502c,2.217146439,3.81E-08,Up,
Rv1895,2.599351482,4.02E-08,Up,
Rv0766c,3.53533783,4.09E-08,Up,
Rv2729c,2.357364796,4.17E-08,Up,
Rv2559c,2.939072319,4.14E-08,Up,
Rv2501c,3.414252043,4.10E-08,Up,
Rv2496c,2.208584628,4.06E-08,Up,
Rv2631,2.317165788,4.13E-08,Up,
Rv1739c,2.381543449,4.25E-08,Up,
Rv2504c,2.062732785,4.19E-08,Up,
Rv2466c,3.621064108,4.27E-08,Up,
Rv3269,2.123602465,4.35E-08,Up,
Rv1403c,2.390458373,4.80E-08,Up,
Rv3160c,2.303764293,4.68E-08,Up,
Rv2160A,2.654690352,4.94E-08,Up,
Rv1954c,3.694089829,5.20E-08,Up,
Rv0571c,2.243166394,4.94E-08,Up,
Rv3087,2.356712881,5.12E-08,Up,
Rv2484c,2.284514661,4.93E-08,Up,
Rv0570,2.402427977,5.03E-08,Up,
Rv1801,2.791987756,5.38E-08,Up,
Rv3504,2.667797855,5.64E-08,Up,
Rv2693c,2.452741392,5.36E-08,Up,
Rv0328,2.76189569,5.62E-08,Up,
Rv0410c,1.993282591,5.15E-08,Up,
Rv3128c,1.925783286,5.39E-08,Up,
Rv1628c,2.372886165,5.68E-08,Up,
Rv1492,2.055872236,5.77E-08,Up,
Rv2053c,2.472369352,5.91E-08,Up,
Rv3837c,1.96178782,6.05E-08,Up,
Rv3347c,1.96380544,6.07E-08,Up,
Rv2498c,2.038380212,6.53E-08,Up,
Rv0670,2.083177275,6.38E-08,Up,
Rv0791c,3.776121741,6.67E-08,Up,
Rv3536c,4.338679699,6.73E-08,Up,
Rv2499c,2.573479788,7.24E-08,Up,
Rv0351,2.092706367,6.81E-08,Up,
Rv0885,2.321444683,6.99E-08,Up,
Rv1804c,2.738682524,7.63E-08,Up,
Rv0977,2.197706669,7.38E-08,Up,
Rv1985c,2.128927555,7.58E-08,Up,
Rv1968,3.785789116,8.23E-08,Up,
Rv1468c,3.671146903,7.75E-08,Up,
Rv1464,1.901673178,7.65E-08,Up,
Rv0765c,3.373216324,8.59E-08,Up,
Rv1959c,2.678204243,9.14E-08,Up,
Rv2827c,2.139693277,8.57E-08,Up,
Rv1967,3.420265965,9.45E-08,Up,
Rv0970,2.212042783,8.59E-08,Up,
Rv0940c,2.481845086,8.52E-08,Up,
Rv0769,2.181262753,9.15E-08,Up,
Rv1040c,1.942715306,8.76E-08,Up,
Rv1735c,2.117769477,8.60E-08,Up,
Rv2710,1.836844951,8.38E-08,Up,
Rv1736c,1.724793572,8.56E-08,Up,
Rv2621c,2.855716132,8.94E-08,Up,
Rv2011c,4.417975275,9.79E-08,Up,
Rv3133c,1.769663944,8.71E-08,Up,
Rv0116c,3.123676497,9.07E-08,Up,
Rv3530c,3.160909417,1.02E-07,Up,
Rv3574,2.729859419,9.37E-08,Up,
Rv2745c,2.625427234,9.19E-08,Up,
Rv3287c,2.607490847,9.82E-08,Up,
Rv1256c,2.057801983,9.61E-08,Up,
Rv1875,1.987586556,9.48E-08,Up,
Rv0841,2.294799643,1.04E-07,Up,
Rv2620c,2.16109647,1.07E-07,Up,
Rv0687,2.311980503,1.09E-07,Up,
Rv2640c,2.287635748,1.14E-07,Up,
Rv0971c,2.318970433,1.16E-07,Up,
Rv1964,2.970237701,1.21E-07,Up,
Rv3848,1.770118826,1.07E-07,Up,
Rv2744c,1.995751335,1.08E-07,Up,
Rv1620c,2.309807672,1.24E-07,Up,
Rv0327c,3.359839471,1.32E-07,Up,
Rv1817,1.965308128,1.21E-07,Up,
Rv3627c,1.61718228,1.13E-07,Up,
Rv2659c,4.163000427,1.23E-07,Up,
Rv1593c,1.73488937,1.23E-07,Up,
Rv3098A,2.069613805,1.28E-07,Up,
Rv1970,3.303453969,1.49E-07,Up,
Rv1966,2.988857141,1.49E-07,Up,
Rv1364c,1.650039318,1.26E-07,Up,
Rv3855,3.213980564,1.38E-07,Up,
Rv0628c,2.354364201,1.27E-07,Up,
Rv0616c,3.248152731,1.55E-07,Up,
Rv1226c,1.934755347,1.37E-07,Up,
Rv0751c,2.438959305,1.45E-07,Up,
Rv2010,1.831918341,1.43E-07,Up,
Rv0329c,2.415918296,1.65E-07,Up,
Rv2483c,1.885770505,1.38E-07,Up,
Rv0941c,2.093106512,1.55E-07,Up,
Rv1057,1.723918424,1.41E-07,Up,
Rv0442c,1.9346848,1.46E-07,Up,
Rv2662,2.434587916,1.60E-07,Up,
Rv1048c,3.589978773,1.59E-07,Up,
Rv0141c,2.021839801,1.58E-07,Up,
Rv0140,3.389932371,1.55E-07,Up,
Rv1471,2.661682519,1.52E-07,Up,
Rv2634c,2.032548035,1.70E-07,Up,
Rv0872c,2.763786722,1.47E-07,Up,
Rv3549c,1.929435225,1.69E-07,Up,
Rv2169c,2.389418507,1.63E-07,Up,
Rv1955,3.55908783,1.62E-07,Up,
Rv1013,1.846782906,1.53E-07,Up,
Rv1733c,2.054660739,1.57E-07,Up,
Rv0886,2.318794311,1.68E-07,Up,
Rv1621c,2.654304515,1.73E-07,Up,
Rv3062,1.683108588,1.66E-07,Up,
Rv0764c,2.814244045,1.79E-07,Up,
Rv2028c,3.316551959,1.83E-07,Up,
Rv1218c,1.901851219,2.01E-07,Up,
Rv3088,2.064410577,1.93E-07,Up,
Rv2518c,1.550923948,1.79E-07,Up,
Rv0972c,2.614731996,2.01E-07,Up,
Rv2688c,2.073176809,1.94E-07,Up,
Rv3863,1.558955782,1.93E-07,Up,
Rv3503c,2.312283045,2.32E-07,Up,
Rv3854c,2.664712396,1.87E-07,Up,
Rv3161c,3.366033009,1.93E-07,Up,
Rv3626c,1.636441242,2.00E-07,Up,
Rv1266c,1.541817415,2.00E-07,Up,
Rv1938,2.28819227,2.36E-07,Up,
Rv1397c,1.434951483,1.95E-07,Up,
Rv0160c,2.688180873,2.44E-07,Up,
Rv2570,2.569537738,2.56E-07,Up,
Rv1168c,1.864207381,2.05E-07,Up,
Rv2050,1.63553697,2.24E-07,Up,
Rv2663,2.832600555,2.50E-07,Up,
Rv3270,2.26918611,2.21E-07,Up,
Rv2731,2.022439051,2.42E-07,Up,
Rv1725c,2.132962906,2.82E-07,Up,
Rv2912c,2.372355902,2.79E-07,Up,
Rv3206c,2.444723793,2.36E-07,Up,
Rv2157c,1.462268963,2.46E-07,Up,
Rv1395,2.108463062,2.82E-07,Up,
Rv0352,1.552367407,2.43E-07,Up,
Rv0846c,2.873890783,2.49E-07,Up,
Rv1969,2.250523695,3.24E-07,Up,
Rv3124,3.000441187,3.09E-07,Up,
Rv1991A,2.275300996,3.20E-07,Up,
Rv3862c,4.156800495,3.34E-07,Up,
Rv3134c,1.816640667,2.50E-07,Up,
Rv0840c,1.809881387,2.88E-07,Up,
Rv2025c,2.611867166,2.85E-07,Up,
Rv0990c,3.387003663,2.87E-07,Up,
Rv3527,2.148440027,3.24E-07,Up,
Rv3537,2.353721607,2.86E-07,Up,
Rv0574c,1.784316268,3.06E-07,Up,
Rv2374c,1.57803909,2.73E-07,Up,
Rv0353,1.788332627,3.11E-07,Up,
Rv3505,2.118107645,3.44E-07,Up,
Rv3130c,1.537938989,2.85E-07,Up,
Rv1760,1.668221466,3.09E-07,Up,
Rv3681c,1.79474139,3.19E-07,Up,
Rv1600,1.517402906,3.18E-07,Up,
Rv3570c,1.980681325,3.04E-07,Up,
Rv1965,2.695093114,4.28E-07,Up,
Rv1715,2.184232973,3.68E-07,Up,
Rv3533c,2.689853958,3.55E-07,Up,
Rv1493,1.510211535,3.39E-07,Up,
Rv3724B,2.335980125,3.83E-07,Up,
Rv1998c,2.059981351,3.58E-07,Up,
Rv3203,1.866371047,3.68E-07,Up,
Rv1832,1.313586832,3.26E-07,Up,
Rv0969,4.904941741,3.27E-07,Up,Rv0969
Rv2658c,3.88713765,4.44E-07,Up,
Rv0572c,1.650180587,3.77E-07,Up,
Rv1971,2.825849269,4.93E-07,Up,
Rv0809,1.690634712,3.69E-07,Up,
Rv3230c,2.116646535,3.99E-07,Up,
Rv2558,3.374351574,3.65E-07,Up,
Rv3223c,1.75819717,3.64E-07,Up,
Rv0388c,1.87763856,4.46E-07,Up,
Rv1651c,2.161742929,3.91E-07,Up,
Rv0124,2.78205268,4.70E-07,Up,
Rv3086,1.381420913,3.97E-07,Up,
Rv3127,1.284292087,3.80E-07,Up,
Rv3132c,1.388270411,3.87E-07,Up,
Rv0275c,2.289281759,4.03E-07,Up,
Rv1599,1.691422893,3.91E-07,Up,
Rv3082c,2.099266884,5.09E-07,Up,
Rv2628,2.611855429,4.02E-07,Up,
Rv0569,1.346846276,4.14E-07,Up,
Rv2687c,1.757038629,4.99E-07,Up,
Rv0302,1.504878751,4.18E-07,Up,
Rv0549c,2.09805203,5.19E-07,Up,
Rv0983,2.093990406,4.00E-07,Up,
Rv0494,1.817065196,5.16E-07,Up,
Rv2614A,2.463001456,5.78E-07,Up,
Rv2623,2.32666992,4.20E-07,Up,
Rv1991c,2.096680642,5.73E-07,Up,
Rv0916c,2.27601222,5.90E-07,Up,
Rv3060c,1.456489293,4.72E-07,Up,
Rv0387c,2.274191572,5.96E-07,Up,
Rv3531c,2.591044138,4.75E-07,Up,
Rv0834c,4.951831448,4.61E-07,Up,Rv0834c
Rv2454c,1.403885298,4.56E-07,Up,
Rv3229c,2.821908191,5.17E-07,Up,
Rv2455c,1.497416997,4.70E-07,Up,
Rv0188,3.134171232,4.82E-07,Up,
Rv1818c,2.72250891,5.09E-07,Up,
Rv0398c,2.271348892,5.79E-07,Up,
EBG00000313390,3.869301306,6.74E-07,Up,
Rv1577c,1.567726196,5.62E-07,Up,
Rv0859,1.395460565,5.11E-07,Up,
Rv0897c,1.512983945,5.35E-07,Up,
Rv3544c,1.870546263,6.05E-07,Up,
Rv1219c,1.50340932,5.87E-07,Up,
Rv0293c,1.407634414,5.37E-07,Up,
Rv2495c,1.450794926,5.41E-07,Up,
Rv2077c,1.288745442,5.47E-07,Up,
Rv2619c,1.590973361,6.47E-07,Up,
Rv1623c,1.483544293,5.67E-07,Up,
Rv1082,1.515929504,6.20E-07,Up,
Rv1995,2.439552225,7.36E-07,Up,
Rv3853,1.600416758,6.80E-07,Up,
Rv1960c,2.961560405,7.37E-07,Up,
Rv2027c,1.422608196,6.92E-07,Up,
Rv1854c,1.280135733,6.09E-07,Up,
Rv2340c,1.487261661,6.68E-07,Up,
Rv0763c,2.643331076,9.80E-07,Up,
Rv1963c,1.77874464,7.38E-07,Up,
Rv0313,1.540949286,6.48E-07,Up,
Rv2741,1.527810743,7.23E-07,Up,
Rv2780,1.388683533,6.92E-07,Up,
Rv2728c,1.70905528,8.56E-07,Up,
Rv3916c,1.356656181,7.20E-07,Up,
Rv2712c,1.901864069,7.75E-07,Up,
Rv1463,1.586752498,7.33E-07,Up,
Rv1714,2.551958228,8.24E-07,Up,
Rv1734c,2.088122324,7.18E-07,Up,
Rv2540c,1.14339033,7.44E-07,Up,
Rv3742c,1.846134857,8.83E-07,Up,
Rv2742c,1.353816257,8.20E-07,Up,
Rv0324,2.602232779,1.01E-06,Up,
Rv3341,1.54463073,7.95E-07,Up,
Rv2622,1.5977491,9.80E-07,Up,
Rv2465c,1.394680716,8.74E-07,Up,
Rv1646,1.36262006,8.94E-07,Up,
Rv2016,1.722597367,9.89E-07,Up,
Rv2324,1.84919082,1.02E-06,Up,
Rv1999c,1.914431413,1.10E-06,Up,
Rv0279c,3.066099735,1.04E-06,Up,
Rv0671,1.2855663,9.89E-07,Up,
Rv0131c,1.319402096,1.04E-06,Up,
Rv3370c,2.467699326,9.95E-07,Up,
Rv3089,1.519972443,1.02E-06,Up,
Rv3367,3.57357995,9.58E-07,Up,
Rv2158c,2.403150542,9.33E-07,Up,
Rv1028c,1.451499439,1.05E-06,Up,
Rv3368c,1.973594637,1.20E-06,Up,
Rv1909c,4.136410857,1.17E-06,Up,
Rv1908c,1.640953992,9.80E-07,Up,
Rv3131,1.565411051,9.82E-07,Up,
Rv3334,2.47116229,1.05E-06,Up,
Rv0477,1.670249977,1.08E-06,Up,
Rv2590,1.190710682,1.02E-06,Up,
Rv3812,1.300663155,1.09E-06,Up,
Rv0762c,1.900475386,1.42E-06,Up,
Rv0985c,1.200660737,1.14E-06,Up,
Rv3860,1.646460829,1.21E-06,Up,
Rv0232,2.07567096,1.07E-06,Up,
Rv3538,2.701904648,1.51E-06,Up,
Rv1058,1.531276199,1.30E-06,Up,
Rv0615,1.915926168,1.43E-06,Up,
Rv2743c,2.034799156,1.15E-06,Up,
Rv3516,1.957807065,1.38E-06,Up,
Rv1169c,3.503456206,1.17E-06,Up,
Rv0793,3.134564396,1.78E-06,Up,
Rv3061c,1.507791678,1.20E-06,Up,
Rv3418c,1.06132624,1.17E-06,Up,
Rv3515c,3.598953573,1.28E-06,Up,
Rv2133c,1.700068527,1.33E-06,Up,
Rv1627c,1.351070747,1.28E-06,Up,
Rv2371,2.448348201,1.86E-06,Up,
Rv1265,1.978484549,1.25E-06,Up,
Rv0136,1.545101932,1.48E-06,Up,
Rv3543c,1.232454026,1.46E-06,Up,
Rv3836,1.411197197,1.55E-06,Up,
Rv0361,1.224740289,1.37E-06,Up,
Rv1578c,1.647275675,1.70E-06,Up,
Rv1065,1.413556338,1.38E-06,Up,
Rv2098c,2.33533956,1.88E-06,Up,
Rv3573c,2.06059013,1.67E-06,Up,
Rv1892,1.882919419,1.68E-06,Up,
Rv2664,2.358607984,1.49E-06,Up,
Rv2698,1.92982926,1.60E-06,Up,
Rv3167c,2.606378865,2.20E-06,Up,
Rv1019,1.443481105,1.53E-06,Up,
Rv2138,1.509034198,1.47E-06,Up,
Rv1326c,1.31165823,1.50E-06,Up,
Rv3139,1.028841055,1.47E-06,Up,
Rv1461,1.130956119,1.46E-06,Up,
Rv2151c,1.182674821,1.65E-06,Up,
Rv2007c,1.550723578,1.48E-06,Up,
Rv3861,3.510511262,2.41E-06,Up,
Rv0942,1.598228317,2.01E-06,Up,
Rv1576c,1.990606368,1.67E-06,Up,
Rv3291c,1.692127541,1.86E-06,Up,
Rv1285,1.62563949,1.65E-06,Up,
Rv3569c,1.321712286,1.80E-06,Up,
Rv1831,1.497808967,1.69E-06,Up,
Rv2651c,1.685321486,2.03E-06,Up,
Rv1467c,1.83098837,1.74E-06,Up,
Rv2217,1.309102682,1.77E-06,Up,
Rv2500c,2.014461054,1.74E-06,Up,
Rv2037c,1.570604903,1.94E-06,Up,
Rv3590c,2.14047748,1.89E-06,Up,
Rv1635c,1.07374253,1.78E-06,Up,
Rv2006,1.290259171,1.69E-06,Up,
Rv0811c,1.148316402,1.86E-06,Up,
EBG00000313378,3.09876672,2.72E-06,Up,
Rv0452,2.063969136,2.10E-06,Up,
Rv0189c,1.003210019,1.72E-06,Up,
Rv0195,2.104351189,2.51E-06,Up,
Rv0789c,1.316874869,2.07E-06,Up,
Rv2718c,1.48029379,1.98E-06,Up,
Rv2453c,1.551168977,2.12E-06,Up,
Rv1625c,1.122184931,1.89E-06,Up,
Rv0575c,1.223665662,2.06E-06,Up,
Rv0278c,2.606749492,2.13E-06,Up,
Rv2866,1.904100789,2.58E-06,Up,
Rv3081,1.39168903,2.12E-06,Up,
Rv0564c,1.808543809,2.06E-06,Up,
Rv0921,1.536665832,2.41E-06,Up,
Rv1853,1.588352301,2.27E-06,Up,
Rv0397A,2.016784359,2.41E-06,Up,
Rv2373c,1.396262927,1.95E-06,Up,
Rv1737c,1.656096434,2.01E-06,Up,
Rv2964,2.207217556,2.41E-06,Up,
Rv3507,2.685612743,2.20E-06,Up,
Rv3539,1.491941463,2.62E-06,Up,
Rv0376c,1.700204677,2.85E-06,Up,
Rv2727c,1.295195908,2.49E-06,Up,
Rv3340,1.381408385,2.11E-06,Up,
Rv1332,1.022594397,2.22E-06,Up,
Rv1916,1.314124673,2.34E-06,Up,
Rv1774,1.31666125,2.40E-06,Up,
Rv1977,1.263194187,2.53E-06,Up,
Rv0619,2.220047936,3.94E-06,Up,
Rv2650c,1.490677735,2.64E-06,Up,
Rv1039c,1.069045143,2.58E-06,Up,
Rv0747,3.627570784,2.70E-06,Up,
Rv1462,1.869486559,2.42E-06,Up,
Rv3188,1.62096672,3.39E-06,Up,
Rv1086,1.177206426,2.79E-06,Up,
Rv0065,1.789724012,3.28E-06,Up,
Rv3548c,1.353653531,3.12E-06,Up,
Rv3743c,1.490363395,3.31E-06,Up,
Rv1375,1.065549034,2.59E-06,Up,
Rv2962c,1.172147422,2.95E-06,Up,
Rv0190,1.178927596,2.81E-06,Up,
Rv2052c,2.053585706,2.89E-06,Up,
Rv0274,1.167235878,3.41E-06,Up,
Rv0349,1.244867372,3.47E-06,Up,
Rv1076,1.082148166,3.28E-06,Up,
Rv0573c,1.453915932,3.82E-06,Up,
Rv2557,1.646001851,2.97E-06,Up,
Rv1525,1.337888332,3.47E-06,Up,
Rv3286c,1.478287159,3.48E-06,Up,
Rv0839,1.386263483,3.48E-06,Up,
Rv1833c,1.058089378,3.44E-06,Up,
Rv0982,1.150250461,2.98E-06,Up,
Rv2517c,2.842082804,3.38E-06,Up,
Rv1803c,1.266978107,3.85E-06,Up,
Rv0586,1.474817617,3.15E-06,Up,
Rv0465c,1.723233639,3.17E-06,Up,
Rv1660,1.172726161,3.61E-06,Up,
Rv1671,2.047711924,5.79E-06,Up,
Rv1044,1.480166644,4.52E-06,Up,
Rv0339c,1.00150382,3.68E-06,Up,
Rv1239c,1.179245055,4.26E-06,Up,
Rv3833,1.561594246,3.96E-06,Up,
Rv3205c,1.205116434,3.55E-06,Up,
Rv0750,1.418298345,4.98E-06,Up,
Rv0877,1.127819139,3.71E-06,Up,
Rv0770,1.777392095,5.11E-06,Up,
Rv2853,1.231189241,4.68E-06,Up,
Rv3189,1.371085339,5.07E-06,Up,
Rv0252,1.323589458,4.87E-06,Up,
Rv0492c,1.308753795,4.43E-06,Up,
Rv0520,2.022778093,5.95E-06,Up,
Rv2583c,1.076137474,4.00E-06,Up,
Rv3595c,1.31290459,4.49E-06,Up,
Rv1773c,1.154464243,5.12E-06,Up,
Rv3016,1.501074986,4.99E-06,Up,
Rv2005c,2.610426248,4.22E-06,Up,
Rv1939,1.542969756,6.76E-06,Up,
Rv1517,1.490015854,5.32E-06,Up,
Rv1602,1.06220642,5.31E-06,Up,
Rv2323c,1.425402745,5.33E-06,Up,
Rv1584c,1.166536343,5.52E-06,Up,
Rv2372c,1.96674692,4.62E-06,Up,
Rv3175,1.34670944,5.22E-06,Up,
Rv3502c,2.743105143,5.12E-06,Up,
Rv1893,1.242514245,5.60E-06,Up,
Rv0842,1.15903406,4.63E-06,Up,
Rv1067c,1.640759555,6.46E-06,Up,
Rv1529,1.029950233,5.52E-06,Up,
Rv3242c,1.368249922,5.84E-06,Up,
Rv2829c,1.369378928,5.54E-06,Up,
Rv1935c,1.53910359,6.82E-06,Up,
Rv2250c,1.592834793,7.69E-06,Up,
Rv2506,1.552761442,6.32E-06,Up,
Rv2358,1.468411251,5.32E-06,Up,
Rv0838,1.13843309,6.21E-06,Up,
Rv2031c,1.724494854,4.71E-06,Up,
Rv2638,1.219507313,6.29E-06,Up,
Rv1840c,2.967762565,5.89E-06,Up,
Rv0354c,1.007614829,5.91E-06,Up,
Rv2242,1.042424485,5.47E-06,Up,
Rv0850,1.932053806,7.78E-06,Up,
Rv1221,2.224504608,5.03E-06,Up,
Rv2826c,1.374903663,6.81E-06,Up,
Rv0978c,2.128027171,8.23E-06,Up,
Rv1152,1.588598814,6.13E-06,Up,
Rv0146,1.016023327,5.82E-06,Up,
Rv0485,1.556682962,5.21E-06,Up,
Rv3842c,1.421055071,5.21E-06,Up,
Rv1958c,1.371470235,6.24E-06,Up,
Rv1655,1.260027505,6.58E-06,Up,
Rv1327c,1.149408079,5.36E-06,Up,
Rv1738,1.292860536,5.45E-06,Up,
Rv0539,1.436868862,5.78E-06,Up,
Rv3079c,1.158900883,7.69E-06,Up,
Rv2168c,3.374019651,1.23E-05,Up,
Rv3098c,1.039565542,7.63E-06,Up,
Rv0989c,1.575000066,7.25E-06,Up,
Rv1225c,1.073045185,6.56E-06,Up,
Rv2828c,1.272767304,9.54E-06,Up,
Rv0326,2.027314005,1.10E-05,Up,
Rv0521,2.187187074,1.04E-05,Up,
Rv0212c,1.038087961,7.71E-06,Up,
Rv1592c,1.430793883,6.53E-06,Up,
Rv0550c,1.720759397,1.17E-05,Up,
Rv3652,1.144147886,9.14E-06,Up,
Rv1222,1.920276843,6.58E-06,Up,
Rv0330c,1.399920041,9.86E-06,Up,
Rv2699c,1.614105178,7.99E-06,Up,
Rv3437,1.47715295,8.80E-06,Up,
Rv0078A,1.135406008,7.73E-06,Up,
Rv2554c,1.649156835,7.82E-06,Up,
Rv0348,1.127098006,8.91E-06,Up,
Rv2515c,1.550436919,1.02E-05,Up,
Rv2107,2.469873771,1.03E-05,Up,
Rv3180c,1.11893557,1.04E-05,Up,
Rv3222c,1.598531268,8.23E-06,Up,
Rv0064A,2.746994682,1.50E-05,Up,
Rv2359,1.84762204,9.45E-06,Up,
Rv1406,1.375617139,9.86E-06,Up,
Rv1990A,1.034633606,1.07E-05,Up,
Rv2322c,1.426734694,1.21E-05,Up,
Rv1638,1.078587191,8.34E-06,Up,
Rv2660c,2.203479239,8.53E-06,Up,
Rv3609c,1.112847304,1.02E-05,Up,
Rv3417c,1.079333385,9.41E-06,Up,
Rv1255c,1.021366976,1.18E-05,Up,
Rv1726,1.590323846,1.37E-05,Up,
Rv0325,2.15073652,1.92E-05,Up,
Rv3551,1.148583392,1.37E-05,Up,
Rv1284,1.807922973,1.23E-05,Up,
Rv2639c,1.42335875,1.46E-05,Up,
Rv2017,1.056952141,1.27E-05,Up,
Rv1419,1.335391597,1.12E-05,Up,
Rv0476,1.616734617,1.14E-05,Up,
Rv2769c,1.13173374,1.54E-05,Up,
Rv2249c,1.28742183,1.49E-05,Up,
Rv3017c,1.758825518,1.72E-05,Up,
Rv0250c,1.703016207,1.19E-05,Up,
Rv3513c,2.296285496,2.17E-05,Up,
Rv0096,1.41971726,1.99E-05,Up,
Rv2615c,1.819263418,1.32E-05,Up,
Rv0491,1.26656034,1.30E-05,Up,
Rv3055,1.047910073,1.60E-05,Up,
Rv2665,1.129238486,1.31E-05,Up,
Rv0648,1.073301117,1.57E-05,Up,
Rv2505c,1.104249411,1.63E-05,Up,
Rv2706c,2.712976467,1.28E-05,Up,
Rv1250,1.180253781,1.50E-05,Up,
Rv0727c,1.033074138,1.69E-05,Up,
Rv3174,1.768809608,2.30E-05,Up,
Rv1972,1.836201098,2.66E-05,Up,
Rv3252c,1.735135505,1.36E-05,Up,
Rv1670,1.592088435,2.57E-05,Up,
Rv0986,1.184300251,1.73E-05,Up,
Rv3185,1.14463102,1.83E-05,Up,
Rv3567c,1.005239765,2.20E-05,Up,
Rv2551c,1.261101453,1.97E-05,Up,
Rv1834,1.020474192,2.16E-05,Up,
Rv2692,1.14359184,1.86E-05,Up,
Rv2482c,1.00554758,1.71E-05,Up,
Rv2142c,2.393637273,2.45E-05,Up,
Rv0347,1.584706903,1.89E-05,Up,
Rv0311,1.008149996,2.16E-05,Up,
Rv2830c,1.579461792,2.56E-05,Up,
Rv2865,1.342842918,2.36E-05,Up,
Rv3202c,1.174165384,2.04E-05,Up,
Rv3251c,1.288254311,1.96E-05,Up,
Rv1940,1.324619914,2.45E-05,Up,
Rv1601,1.384332281,2.12E-05,Up,
Rv1767,1.221751197,2.62E-05,Up,
Rv2686c,1.037843449,2.49E-05,Up,
Rv2034,2.857316823,1.89E-05,Up,
Rv2004c,3.227615549,1.96E-05,Up,
Rv1087,1.240716256,2.44E-05,Up,
Rv0806c,1.198589587,2.14E-05,Up,
Rv1957,1.483740359,2.20E-05,Up,
Rv2655c,1.068637292,2.70E-05,Up,
Rv1033c,1.189743546,3.21E-05,Up,
Rv0833,1.575769956,2.46E-05,Up,
Rv3552,1.149824219,3.31E-05,Up,
Rv0132c,1.161070377,2.93E-05,Up,
Rv0367c,1.047126435,3.06E-05,Up,
Rv2099c,1.736158711,4.98E-05,Up,
Rv3553,1.264605793,3.72E-05,Up,
Rv2328,1.099164417,3.22E-05,Up,
Rv0795,2.12844662,6.56E-05,Up,
Rv2423,1.086276759,3.75E-05,Up,
Rv0368c,1.192189881,5.15E-05,Up,
Rv3342,1.131927855,3.17E-05,Up,
Rv3410c,1.07392296,3.30E-05,Up,
Rv2108,1.278069461,3.36E-05,Up,
Rv3739c,1.093661682,4.58E-05,Up,
Rv0984,1.189978112,3.12E-05,Up,
Rv2134c,1.314332064,3.20E-05,Up,
Rv0810c,1.407968209,3.43E-05,Up,
Rv0037c,1.058939631,3.43E-05,Up,
Rv1645c,1.04452787,3.73E-05,Up,
Rv3597c,1.038022704,3.71E-05,Up,
Rv3345c,1.815231817,4.78E-05,Up,
EBG00000313339,4.21231902,3.36E-05,Up,
Rv1286,1.311116844,3.61E-05,Up,
Rv0825c,1.064328546,4.35E-05,Up,
Rv0078B,1.237555576,6.28E-05,Up,
Rv0369c,1.129191686,6.90E-05,Up,
Rv2304c,1.03939816,6.55E-05,Up,
Rv1973,1.617354678,8.96E-05,Up,
Rv1004c,1.385517057,4.79E-05,Up,
Rv2022c,1.352895663,4.75E-05,Up,
Rv3541c,1.054668042,7.89E-05,Up,
Rv3830c,1.347218768,7.91E-05,Up,
Rv0142,1.473718454,5.34E-05,Up,
Rv0493c,1.375895671,6.31E-05,Up,
Rv2649,1.596541664,0.000111011,Up,
Rv3568c,1.046532922,5.53E-05,Up,
EBG00000313347,1.88330449,0.000111025,Up,
Rv2234,1.048985205,6.45E-05,Up,
Rv2644c,1.290982849,7.33E-05,Up,
Rv0620,1.537436978,0.000119066,Up,
Rv3467,1.097914953,9.94E-05,Up,
Rv0622,1.121514448,9.15E-05,Up,
Rv3653,1.343785938,0.000110763,Up,
Rv0538,1.0239457,6.36E-05,Up,
Rv1047,1.456625573,0.00011614,Up,
Rv3751,1.402521707,0.000114993,Up,
Rv0374c,1.347320239,0.000148072,Up,
Rv2250A,1.091419416,0.000119596,Up,
Rv1052,1.364299988,0.000111618,Up,
Rv0389,1.152682923,9.50E-05,Up,
Rv0474,1.334060414,8.34E-05,Up,
Rv1845c,1.069731962,8.88E-05,Up,
Rv0828c,1.6667102,0.000241754,Up,
Rv2546,1.232245859,0.000222269,Up,
Rv3572,1.315428156,0.000129016,Up,
Rv2828A,1.176191071,0.000169697,Up,
Rv0775,1.245073115,0.000127746,Up,
Rv0297,1.394637037,0.000111152,Up,
Rv0314c,1.074968644,0.00011099,Up,
Rv3047c,1.156991109,0.000169841,Up,
Rv0375c,1.073470424,0.000219976,Up,
Rv1495,1.094620683,0.000191874,Up,
EBG00000313340,1.486866095,0.000202014,Up,
Rv1066,1.897337159,0.000165646,Up,
EBG00000313377,1.690628306,0.000254397,Up,
EBG00000313328,1.727143267,0.000371359,Up,
Rv1674c,1.243114981,0.000273963,Up,
Rv2801A,1.119021739,0.000260634,Up,
Rv3514,2.23956643,0.000183045,Up,
Rv0629c,1.303942056,0.000166601,Up,
Rv1910c,1.04369603,0.000198537,Up,
Rv0746,1.27994267,0.000214482,Up,
Rv1153c,1.000439265,0.000248381,Up,
EBG00000313383,1.070323585,0.000360008,Up,
Rv2539c,1.290090775,0.000214508,Up,
Rv1808,1.018632754,0.000231652,Up,
Rv3508,1.892150217,0.000221678,Up,
Rv0738,1.272267496,0.000260862,Up,
Rv1974,1.252826535,0.000466273,Up,
Rv0081,1.025766025,0.000309921,Up,
Rv1555,1.22652521,0.000604075,Up,
Rv3021c,1.729938335,0.000564398,Up,
Rv2063A,1.115045886,0.0004808,Up,
Rv3289c,3.849374499,0.000326276,Up,
Rv1945,1.117203817,0.00038062,Up,
Rv0621,1.011606269,0.000427971,Up,
Rv2801c,1.136361134,0.000482774,Up,
Rv3177,1.228599022,0.000535739,Up,
Rv3114,1.000887463,0.000742035,Up,
Rv3022A,1.437063741,0.001278867,Up,
Rv0979c,1.309800478,0.001590199,Up,
Rv1088,1.068417612,0.001684203,Up,
Rv3529c,1.684306438,0.001088172,Up,
Rv2654c,1.245014117,0.002605054,Up,
EBG00000313325,4.882297409,0.001003299,Up,
Rv0372c,1.084943872,0.003602746,Up,
Rv3724A,1.003388334,0.002417172,Up,
Rv2087,1.242416982,0.013110208,Up,
Rv2635,1.19332438,0.016239635,Up,
EBG00000313318,1.579548037,0.007408062,Up,
